Workbook

Sheet FinalOutput
A1: PK | B1: Route | C1: Location Description | D1: From | E1: To | F1: From RP | G1: To RP | H1: PvmtArea | I1: RC | J1: FA | K1: Planned Project | L1: # Lanes | M1: Surf Type | N1: NHS | O1: Sub | P1: Unit | Q1: County | R1: AADT | S1: AADTT | T1: Chipable | U1: Replacement cycle (years) | V1: Adjusted Replacement cycle (years) | W1: Year of latest project completion | X1: 20y Project plan 1 | Y1: 20y Project plan 2 | Z1: 20y Project plan 3 | AA1: 20y Project plan 4 | AB1: 20y Project plan 5 | AC1: 20y chip seal 3rd phase plan | AD1: Planned rpm project by David | AE1: 20y Project plan 1_description | AF1: 20y Project plan 2_description | AG1: 20y Project plan 3_description | AH1: 20y Project plan 4_description | AI1: 20y Project plan 5_description | AJ1: 20y Chip Seal Plan | AK1: Davids's plan for rpm replacement | AL1: replacement due | AM1: Possible integration with planned projects year | AN1: Possible integrated planned projects
A2: 60000 | B2: US 50 | C2: From US 150 to SR 60 | D2: 43.289583 | E2: 53.424868 | F2: 43 +0.223 | G2: 53 +0.372 | H2: 167677 | I2: C1 | J2: 20 | K2: 2026 | L2: 2 | M2: FLEX | N2: Is on the NHS | O2: Paoli,Vincennes | P2: Bedford Unit 3,Loogootee Unit | Q2: Lawrence,Martin,Orange | R2: 3656 | S2: 986 | T2: N/A | U2: =IF($L2<=2, IF($R2<=RpmDesignStandard!$C$2,RpmDesignStandard!$D$2, IF(AND($R2>RpmDesignStandard!$B$3,$R2<=RpmDesignStandard!$C$3),RpmDesignStandard!$D$3,RpmDesignStandard!$D$4)), IF($R2<=RpmDesignStandard!$C$5, RpmDesignStandard!$D$5, IF(AND($R2>RpmDesignStandard!$B$6,$R2<=RpmDesignStandard!$C$6),RpmDesignStandard!$D$6, IF(AND($R2>RpmDesignStandard!$B$7,$R2<=RpmDesignStandard!$C$7),RpmDesignStandard!$D$7,RpmDesignStandard!$D$8)))) -> 4 | V2: =U2*RpmDesignStandard!$H$1 -> 8 | W2: =VLOOKUP(A2,RPM_ProjectRecord!A:AB,8,FALSE) | X2: =IFERROR(VALUE(LEFT(AE2,4)),"") | Y2: =IFERROR(VALUE(LEFT(AF2,4)),"") | Z2: =IFERROR(VALUE(LEFT(AG2,4)),"") | AA2: =IFERROR(VALUE(LEFT(AH2,4)),"") | AB2: =IFERROR(VALUE(LEFT(AI2,4)),"") | AC2: =IF(VLOOKUP(A2,'3rdPhaseChipSeal'!A:L,12,FALSE)="","",VLOOKUP(A2,'3rdPhaseChipSeal'!A:L,12,FALSE)) | AD2: =IFERROR(IF(VLOOKUP(A2,RpmContracts!A:C,3,FALSE)="","",VLOOKUP(A2,RpmContracts!A:C,3,FALSE)),"") -> 2027 | AE2: =IF(VLOOKUP(A2,'20yPlan'!A:B,2,FALSE)="","",VLOOKUP(A2,'20yPlan'!A:B,2,FALSE)) | AF2: =IF(VLOOKUP(A2,'20yPlan'!A:C,3,FALSE)="","",VLOOKUP(A2,'20yPlan'!A:C,3,FALSE)) | AG2: =IF(VLOOKUP(A2,'20yPlan'!A:D,4,FALSE)="","",VLOOKUP(A2,'20yPlan'!A:D,4,FALSE)) | AH2: =IF(VLOOKUP(A2,'20yPlan'!A:E,5,FALSE)="","",VLOOKUP(A2,'20yPlan'!A:E,5,FALSE)) | AI2: =IF(VLOOKUP(A2,'20yPlan'!A:F,6,FALSE)="","",VLOOKUP(A2,'20yPlan'!A:F,6,FALSE)) | AJ2: =IF(AC2="","",_xlfn.CONCAT(AC2," ","Chip Seal")) | AK2: =IF(AD2="","",_xlfn.CONCAT(AD2," ","RPM Replacement")) -> 2027 RPM Replacement | AL2: =IFERROR(U2+W2,YEAR(TODAY())) -> 2025 | AM2: =IF(W2="",AD2,IF(AND(MIN(X2:AD2)<=(W2+V2),MIN(X2:AD2)>W2),MIN(X2:AD2),"")) -> 2027 | AN2: =IF(AM2=X2,AE2,IF(AM2=Y2,AF2,IF(AM2=AC2,AJ2,AK2))) -> 2027 RPM Replacement
A3: 60001 | B3: I-64 | C3: From Illinois State Line to 0.6 mile W of SR 165 (Bridge Over Flat Run Ditch) | D3: 0 | E3: 11.296388 | F3: 0 +0.000 | G3: 11 +0.272 | H3: 544122 | I3: A2 | J3: 4 | K3: 2036 | L3: 4 | M3: FLEX | N3: Is on the NHS | O3: Evansville,Vincennes | P3: Oakland City Unit,Poseyville Unit 3 | Q3: Gibson,Posey | R3: 14526 | S3: 6148 | T3: N/A | U3: =IF($L3<=2, IF($R3<=RpmDesignStandard!$C$2,RpmDesignStandard!$D$2, IF(AND($R3>RpmDesignStandard!$B$3,$R3<=RpmDesignStandard!$C$3),RpmDesignStandard!$D$3,RpmDesignStandard!$D$4)), IF($R3<=RpmDesignStandard!$C$5, RpmDesignStandard!$D$5, IF(AND($R3>RpmDesignStandard!$B$6,$R3<=RpmDesignStandard!$C$6),RpmDesignStandard!$D$6, IF(AND($R3>RpmDesignStandard!$B$7,$R3<=RpmDesignStandard!$C$7),RpmDesignStandard!$D$7,RpmDesignStandard!$D$8)))) -> 3 | V3: =U3*RpmDesignStandard!$H$1 -> 6 | W3: =VLOOKUP(A3,RPM_ProjectRecord!A:AB,8,FALSE) | X3: =IFERROR(VALUE(LEFT(AE3,4)),"") -> 2036 | Y3: =IFERROR(VALUE(LEFT(AF3,4)),"") | Z3: =IFERROR(VALUE(LEFT(AG3,4)),"") | AA3: =IFERROR(VALUE(LEFT(AH3,4)),"") | AB3: =IFERROR(VALUE(LEFT(AI3,4)),"") | AC3: =IF(VLOOKUP(A3,'3rdPhaseChipSeal'!A:L,12,FALSE)="","",VLOOKUP(A3,'3rdPhaseChipSeal'!A:L,12,FALSE)) | AD3: =IFERROR(IF(VLOOKUP(A3,RpmContracts!A:C,3,FALSE)="","",VLOOKUP(A3,RpmContracts!A:C,3,FALSE)),"") -> 2027 | AE3: =IF(VLOOKUP(A3,'20yPlan'!A:B,2,FALSE)="","",VLOOKUP(A3,'20yPlan'!A:B,2,FALSE)) -> 2036 Preventive Maintenance | AF3: =IF(VLOOKUP(A3,'20yPlan'!A:C,3,FALSE)="","",VLOOKUP(A3,'20yPlan'!A:C,3,FALSE)) | AG3: =IF(VLOOKUP(A3,'20yPlan'!A:D,4,FALSE)="","",VLOOKUP(A3,'20yPlan'!A:D,4,FALSE)) | AH3: =IF(VLOOKUP(A3,'20yPlan'!A:E,5,FALSE)="","",VLOOKUP(A3,'20yPlan'!A:E,5,FALSE)) | AI3: =IF(VLOOKUP(A3,'20yPlan'!A:F,6,FALSE)="","",VLOOKUP(A3,'20yPlan'!A:F,6,FALSE)) | AJ3: =IF(AC3="","",_xlfn.CONCAT(AC3," ","Chip Seal")) | AK3: =IF(AD3="","",_xlfn.CONCAT(AD3," ","RPM Replacement")) -> 2027 RPM Replacement | AL3: =IFERROR(U3+W3,YEAR(TODAY())) -> 2025 | AM3: =IF(W3="",AD3,IF(AND(MIN(X3:AD3)<=(W3+V3),MIN(X3:AD3)>W3),MIN(X3:AD3),"")) -> 2027 | AN3: =IF(AM3=X3,AE3,IF(AM3=Y3,AF3,IF(AM3=AC3,AJ3,AK3))) -> 2027 RPM Replacement
A4: 60002 | B4: I-64 | C4: From 0.6 mile W of SR 165 (Bridge Over Flat Run Ditch) to 3.32 mi E of SR 65 | D4: 11.296388 | E4: 20.964243 | F4: 11 +0.272 | G4: 20 +0.988 | H4: 467255 | I4: A2 | J4: 3 | K4: 2036 | L4: 4 | M4: FLEX | N4: Is on the NHS | O4: Evansville | P4: Boyle Lane Unit 2,Poseyville Unit 3 | Q4: Gibson,Posey,Vanderburgh | R4: 15003 | S4: 4991 | T4: N/A | U4: =IF($L4<=2, IF($R4<=RpmDesignStandard!$C$2,RpmDesignStandard!$D$2, IF(AND($R4>RpmDesignStandard!$B$3,$R4<=RpmDesignStandard!$C$3),RpmDesignStandard!$D$3,RpmDesignStandard!$D$4)), IF($R4<=RpmDesignStandard!$C$5, RpmDesignStandard!$D$5, IF(AND($R4>RpmDesignStandard!$B$6,$R4<=RpmDesignStandard!$C$6),RpmDesignStandard!$D$6, IF(AND($R4>RpmDesignStandard!$B$7,$R4<=RpmDesignStandard!$C$7),RpmDesignStandard!$D$7,RpmDesignStandard!$D$8)))) -> 3 | V4: =U4*RpmDesignStandard!$H$1 -> 6 | W4: =VLOOKUP(A4,RPM_ProjectRecord!A:AB,8,FALSE) | X4: =IFERROR(VALUE(LEFT(AE4,4)),"") -> 2036 | Y4: =IFERROR(VALUE(LEFT(AF4,4)),"") | Z4: =IFERROR(VALUE(LEFT(AG4,4)),"") | AA4: =IFERROR(VALUE(LEFT(AH4,4)),"") | AB4: =IFERROR(VALUE(LEFT(AI4,4)),"") | AC4: =IF(VLOOKUP(A4,'3rdPhaseChipSeal'!A:L,12,FALSE)="","",VLOOKUP(A4,'3rdPhaseChipSeal'!A:L,12,FALSE)) | AD4: =IFERROR(IF(VLOOKUP(A4,RpmContracts!A:C,3,FALSE)="","",VLOOKUP(A4,RpmContracts!A:C,3,FALSE)),"") -> 2027 | AE4: =IF(VLOOKUP(A4,'20yPlan'!A:B,2,FALSE)="","",VLOOKUP(A4,'20yPlan'!A:B,2,FALSE)) -> 2036 Preventive Maintenance | AF4: =IF(VLOOKUP(A4,'20yPlan'!A:C,3,FALSE)="","",VLOOKUP(A4,'20yPlan'!A:C,3,FALSE)) | AG4: =IF(VLOOKUP(A4,'20yPlan'!A:D,4,FALSE)="","",VLOOKUP(A4,'20yPlan'!A:D,4,FALSE)) | AH4: =IF(VLOOKUP(A4,'20yPlan'!A:E,5,FALSE)="","",VLOOKUP(A4,'20yPlan'!A:E,5,FALSE)) | AI4: =IF(VLOOKUP(A4,'20yPlan'!A:F,6,FALSE)="","",VLOOKUP(A4,'20yPlan'!A:F,6,FALSE)) | AJ4: =IF(AC4="","",_xlfn.CONCAT(AC4," ","Chip Seal")) | AK4: =IF(AD4="","",_xlfn.CONCAT(AD4," ","RPM Replacement")) -> 2027 RPM Replacement | AL4: =IFERROR(U4+W4,YEAR(TODAY())) -> 2025 | AM4: =IF(W4="",AD4,IF(AND(MIN(X4:AD4)<=(W4+V4),MIN(X4:AD4)>W4),MIN(X4:AD4),"")) -> 2027 | AN4: =IF(AM4=X4,AE4,IF(AM4=Y4,AF4,IF(AM4=AC4,AJ4,AK4))) -> 2027 RPM Replacement
A5: 60003 | B5: I-64 | C5: From 3.32 mi E of SR 65 to 0.5 mi E of US 41 | D5: 20.964243 | E5: 25.540208 | F5: 20 +0.988 | G5: 25 +0.524 | H5: 213562 | I5: A2 | J5: 8 | K5: 2034 | L5: 4 | M5: FLEX | N5: Is on the NHS | O5: Evansville | P5: Boyle Lane Unit 2 | Q5: Gibson,Vanderburgh | R5: 15539 | S5: 6135 | T5: N/A | U5: =IF($L5<=2, IF($R5<=RpmDesignStandard!$C$2,RpmDesignStandard!$D$2, IF(AND($R5>RpmDesignStandard!$B$3,$R5<=RpmDesignStandard!$C$3),RpmDesignStandard!$D$3,RpmDesignStandard!$D$4)), IF($R5<=RpmDesignStandard!$C$5, RpmDesignStandard!$D$5, IF(AND($R5>RpmDesignStandard!$B$6,$R5<=RpmDesignStandard!$C$6),RpmDesignStandard!$D$6, IF(AND($R5>RpmDesignStandard!$B$7,$R5<=RpmDesignStandard!$C$7),RpmDesignStandard!$D$7,RpmDesignStandard!$D$8)))) -> 3 | V5: =U5*RpmDesignStandard!$H$1 -> 6 | W5: =VLOOKUP(A5,RPM_ProjectRecord!A:AB,8,FALSE) | X5: =IFERROR(VALUE(LEFT(AE5,4)),"") -> 2034 | Y5: =IFERROR(VALUE(LEFT(AF5,4)),"") | Z5: =IFERROR(VALUE(LEFT(AG5,4)),"") | AA5: =IFERROR(VALUE(LEFT(AH5,4)),"") | AB5: =IFERROR(VALUE(LEFT(AI5,4)),"") | AC5: =IF(VLOOKUP(A5,'3rdPhaseChipSeal'!A:L,12,FALSE)="","",VLOOKUP(A5,'3rdPhaseChipSeal'!A:L,12,FALSE)) | AD5: =IFERROR(IF(VLOOKUP(A5,RpmContracts!A:C,3,FALSE)="","",VLOOKUP(A5,RpmContracts!A:C,3,FALSE)),"") -> 2027 | AE5: =IF(VLOOKUP(A5,'20yPlan'!A:B,2,FALSE)="","",VLOOKUP(A5,'20yPlan'!A:B,2,FALSE)) -> 2034 Preventive Maintenance | AF5: =IF(VLOOKUP(A5,'20yPlan'!A:C,3,FALSE)="","",VLOOKUP(A5,'20yPlan'!A:C,3,FALSE)) | AG5: =IF(VLOOKUP(A5,'20yPlan'!A:D,4,FALSE)="","",VLOOKUP(A5,'20yPlan'!A:D,4,FALSE)) | AH5: =IF(VLOOKUP(A5,'20yPlan'!A:E,5,FALSE)="","",VLOOKUP(A5,'20yPlan'!A:E,5,FALSE)) | AI5: =IF(VLOOKUP(A5,'20yPlan'!A:F,6,FALSE)="","",VLOOKUP(A5,'20yPlan'!A:F,6,FALSE)) | AJ5: =IF(AC5="","",_xlfn.CONCAT(AC5," ","Chip Seal")) | AK5: =IF(AD5="","",_xlfn.CONCAT(AD5," ","RPM Replacement")) -> 2027 RPM Replacement | AL5: =IFERROR(U5+W5,YEAR(TODAY())) -> 2025 | AM5: =IF(W5="",AD5,IF(AND(MIN(X5:AD5)<=(W5+V5),MIN(X5:AD5)>W5),MIN(X5:AD5),"")) -> 2027 | AN5: =IF(AM5=X5,AE5,IF(AM5=Y5,AF5,IF(AM5=AC5,AJ5,AK5))) -> 2027 RPM Replacement
A6: 60004 | B6: I-64 | C6: From 0.5 mi E of US 41 to 0.41 mi E of I-69 | D6: 25.540208 | E6: 29.848815 | F6: 25 +0.524 | G6: 29 +0.888 | H6: 208325 | I6: A2 | J6: 11 | K6: 2025 | L6: 4 | M6: FLEX | N6: Is on the NHS | O6: Evansville | P6: Boyle Lane Unit 2,Chandler Unit 4 | Q6: Gibson,Vanderburgh,Warrick | R6: 19060 | S6: 12948 | T6: N/A | U6: =IF($L6<=2, IF($R6<=RpmDesignStandard!$C$2,RpmDesignStandard!$D$2, IF(AND($R6>RpmDesignStandard!$B$3,$R6<=RpmDesignStandard!$C$3),RpmDesignStandard!$D$3,RpmDesignStandard!$D$4)), IF($R6<=RpmDesignStandard!$C$5, RpmDesignStandard!$D$5, IF(AND($R6>RpmDesignStandard!$B$6,$R6<=RpmDesignStandard!$C$6),RpmDesignStandard!$D$6, IF(AND($R6>RpmDesignStandard!$B$7,$R6<=RpmDesignStandard!$C$7),RpmDesignStandard!$D$7,RpmDesignStandard!$D$8)))) -> 3 | V6: =U6*RpmDesignStandard!$H$1 -> 6 | W6: =VLOOKUP(A6,RPM_ProjectRecord!A:AB,8,FALSE) | X6: =IFERROR(VALUE(LEFT(AE6,4)),"") -> 2039 | Y6: =IFERROR(VALUE(LEFT(AF6,4)),"") | Z6: =IFERROR(VALUE(LEFT(AG6,4)),"") | AA6: =IFERROR(VALUE(LEFT(AH6,4)),"") | AB6: =IFERROR(VALUE(LEFT(AI6,4)),"") | AC6: =IF(VLOOKUP(A6,'3rdPhaseChipSeal'!A:L,12,FALSE)="","",VLOOKUP(A6,'3rdPhaseChipSeal'!A:L,12,FALSE)) | AD6: =IFERROR(IF(VLOOKUP(A6,RpmContracts!A:C,3,FALSE)="","",VLOOKUP(A6,RpmContracts!A:C,3,FALSE)),"") -> 2027 | AE6: =IF(VLOOKUP(A6,'20yPlan'!A:B,2,FALSE)="","",VLOOKUP(A6,'20yPlan'!A:B,2,FALSE)) -> 2039 Minor Structural | AF6: =IF(VLOOKUP(A6,'20yPlan'!A:C,3,FALSE)="","",VLOOKUP(A6,'20yPlan'!A:C,3,FALSE)) | AG6: =IF(VLOOKUP(A6,'20yPlan'!A:D,4,FALSE)="","",VLOOKUP(A6,'20yPlan'!A:D,4,FALSE)) | AH6: =IF(VLOOKUP(A6,'20yPlan'!A:E,5,FALSE)="","",VLOOKUP(A6,'20yPlan'!A:E,5,FALSE)) | AI6: =IF(VLOOKUP(A6,'20yPlan'!A:F,6,FALSE)="","",VLOOKUP(A6,'20yPlan'!A:F,6,FALSE)) | AJ6: =IF(AC6="","",_xlfn.CONCAT(AC6," ","Chip Seal")) | AK6: =IF(AD6="","",_xlfn.CONCAT(AD6," ","RPM Replacement")) -> 2027 RPM Replacement | AL6: =IFERROR(U6+W6,YEAR(TODAY())) -> 2025 | AM6: =IF(W6="",AD6,IF(AND(MIN(X6:AD6)<=(W6+V6),MIN(X6:AD6)>W6),MIN(X6:AD6),"")) -> 2027 | AN6: =IF(AM6=X6,AE6,IF(AM6=Y6,AF6,IF(AM6=AC6,AJ6,AK6))) -> 2027 RPM Replacement
A7: 60005 | B7: I-64 | C7: From 0.41 mi E of I-69 to 0.13 mi E of SR 61 | D7: 29.848815 | E7: 39.713038 | F7: 29 +0.888 | G7: 39 +0.732 | H7: 469394 | I7: A2 | J7: 9 | K7: 2030 | L7: 4 | M7: FLEX | N7: Is on the NHS | O7: Evansville,Tell City,Vincennes | P7: Boyle Lane Unit 2,Chandler Unit 4,Dale Unit 4,Oakland City Unit | Q7: Gibson,Warrick | R7: 17394 | S7: 6116 | T7: N/A | U7: =IF($L7<=2, IF($R7<=RpmDesignStandard!$C$2,RpmDesignStandard!$D$2, IF(AND($R7>RpmDesignStandard!$B$3,$R7<=RpmDesignStandard!$C$3),RpmDesignStandard!$D$3,RpmDesignStandard!$D$4)), IF($R7<=RpmDesignStandard!$C$5, RpmDesignStandard!$D$5, IF(AND($R7>RpmDesignStandard!$B$6,$R7<=RpmDesignStandard!$C$6),RpmDesignStandard!$D$6, IF(AND($R7>RpmDesignStandard!$B$7,$R7<=RpmDesignStandard!$C$7),RpmDesignStandard!$D$7,RpmDesignStandard!$D$8)))) -> 3 | V7: =U7*RpmDesignStandard!$H$1 -> 6 | W7: =VLOOKUP(A7,RPM_ProjectRecord!A:AB,8,FALSE) | X7: =IFERROR(VALUE(LEFT(AE7,4)),"") -> 2030 | Y7: =IFERROR(VALUE(LEFT(AF7,4)),"") | Z7: =IFERROR(VALUE(LEFT(AG7,4)),"") | AA7: =IFERROR(VALUE(LEFT(AH7,4)),"") | AB7: =IFERROR(VALUE(LEFT(AI7,4)),"") | AC7: =IF(VLOOKUP(A7,'3rdPhaseChipSeal'!A:L,12,FALSE)="","",VLOOKUP(A7,'3rdPhaseChipSeal'!A:L,12,FALSE)) | AD7: =IFERROR(IF(VLOOKUP(A7,RpmContracts!A:C,3,FALSE)="","",VLOOKUP(A7,RpmContracts!A:C,3,FALSE)),"") -> 2027 | AE7: =IF(VLOOKUP(A7,'20yPlan'!A:B,2,FALSE)="","",VLOOKUP(A7,'20yPlan'!A:B,2,FALSE)) -> 2030 Minor Structural | AF7: =IF(VLOOKUP(A7,'20yPlan'!A:C,3,FALSE)="","",VLOOKUP(A7,'20yPlan'!A:C,3,FALSE)) | AG7: =IF(VLOOKUP(A7,'20yPlan'!A:D,4,FALSE)="","",VLOOKUP(A7,'20yPlan'!A:D,4,FALSE)) | AH7: =IF(VLOOKUP(A7,'20yPlan'!A:E,5,FALSE)="","",VLOOKUP(A7,'20yPlan'!A:E,5,FALSE)) | AI7: =IF(VLOOKUP(A7,'20yPlan'!A:F,6,FALSE)="","",VLOOKUP(A7,'20yPlan'!A:F,6,FALSE)) | AJ7: =IF(AC7="","",_xlfn.CONCAT(AC7," ","Chip Seal")) | AK7: =IF(AD7="","",_xlfn.CONCAT(AD7," ","RPM Replacement")) -> 2027 RPM Replacement | AL7: =IFERROR(U7+W7,YEAR(TODAY())) -> 2025 | AM7: =IF(W7="",AD7,IF(AND(MIN(X7:AD7)<=(W7+V7),MIN(X7:AD7)>W7),MIN(X7:AD7),"")) -> 2027 | AN7: =IF(AM7=X7,AE7,IF(AM7=Y7,AF7,IF(AM7=AC7,AJ7,AK7))) -> 2027 RPM Replacement
A8: 60006 | B8: I-64 | C8: From 0.13 mile E of SR 61 to 1.91 mile W SR 161 Overpass | D8: 39.713038 | E8: 48.674881 | F8: 39 +0.732 | G8: 48 +0.702 | H8: 437846 | I8: A2 | J8: 1 | K8: 2038 | L8: 4 | M8: FLEX | N8: Is on the NHS | O8: Tell City | P8: Chrisney Unit 5,Dale Unit 4 | Q8: Spencer,Warrick | R8: 17458 | S8: 6486 | T8: N/A | U8: =IF($L8<=2, IF($R8<=RpmDesignStandard!$C$2,RpmDesignStandard!$D$2, IF(AND($R8>RpmDesignStandard!$B$3,$R8<=RpmDesignStandard!$C$3),RpmDesignStandard!$D$3,RpmDesignStandard!$D$4)), IF($R8<=RpmDesignStandard!$C$5, RpmDesignStandard!$D$5, IF(AND($R8>RpmDesignStandard!$B$6,$R8<=RpmDesignStandard!$C$6),RpmDesignStandard!$D$6, IF(AND($R8>RpmDesignStandard!$B$7,$R8<=RpmDesignStandard!$C$7),RpmDesignStandard!$D$7,RpmDesignStandard!$D$8)))) -> 3 | V8: =U8*RpmDesignStandard!$H$1 -> 6 | W8: =VLOOKUP(A8,RPM_ProjectRecord!A:AB,8,FALSE) -> 2022 | X8: =IFERROR(VALUE(LEFT(AE8,4)),"") -> 2038 | Y8: =IFERROR(VALUE(LEFT(AF8,4)),"") | Z8: =IFERROR(VALUE(LEFT(AG8,4)),"") | AA8: =IFERROR(VALUE(LEFT(AH8,4)),"") | AB8: =IFERROR(VALUE(LEFT(AI8,4)),"") | AC8: =IF(VLOOKUP(A8,'3rdPhaseChipSeal'!A:L,12,FALSE)="","",VLOOKUP(A8,'3rdPhaseChipSeal'!A:L,12,FALSE)) | AD8: =IFERROR(IF(VLOOKUP(A8,RpmContracts!A:C,3,FALSE)="","",VLOOKUP(A8,RpmContracts!A:C,3,FALSE)),"") -> 2027 | AE8: =IF(VLOOKUP(A8,'20yPlan'!A:B,2,FALSE)="","",VLOOKUP(A8,'20yPlan'!A:B,2,FALSE)) -> 2038 Preventive Maintenance | AF8: =IF(VLOOKUP(A8,'20yPlan'!A:C,3,FALSE)="","",VLOOKUP(A8,'20yPlan'!A:C,3,FALSE)) | AG8: =IF(VLOOKUP(A8,'20yPlan'!A:D,4,FALSE)="","",VLOOKUP(A8,'20yPlan'!A:D,4,FALSE)) | AH8: =IF(VLOOKUP(A8,'20yPlan'!A:E,5,FALSE)="","",VLOOKUP(A8,'20yPlan'!A:E,5,FALSE)) | AI8: =IF(VLOOKUP(A8,'20yPlan'!A:F,6,FALSE)="","",VLOOKUP(A8,'20yPlan'!A:F,6,FALSE)) | AJ8: =IF(AC8="","",_xlfn.CONCAT(AC8," ","Chip Seal")) | AK8: =IF(AD8="","",_xlfn.CONCAT(AD8," ","RPM Replacement")) -> 2027 RPM Replacement | AL8: =IFERROR(U8+W8,YEAR(TODAY())) -> 2025 | AM8: =IF(W8="",AD8,IF(AND(MIN(X8:AD8)<=(W8+V8),MIN(X8:AD8)>W8),MIN(X8:AD8),"")) -> 2027 | AN8: =IF(AM8=X8,AE8,IF(AM8=Y8,AF8,IF(AM8=AC8,AJ8,AK8))) -> 2027 RPM Replacement
A9: 60007 | B9: I-64 | C9: From 1.91 mile W SR 161 Overpass to 0.79 Miles E of US 231 | D9: 48.674881 | E9: 57.249264 | F9: 48 +0.702 | G9: 57 +0.254 | H9: 405427 | I9: A2 | J9: 6 | K9: 2030 | L9: 4 | M9: FLEX | N9: Is on the NHS | O9: Tell City,Vincennes | P9: Dale Unit 4,Oakland City Unit | Q9: Spencer,Warrick | R9: 16956 | S9: 5780 | T9: N/A | U9: =IF($L9<=2, IF($R9<=RpmDesignStandard!$C$2,RpmDesignStandard!$D$2, IF(AND($R9>RpmDesignStandard!$B$3,$R9<=RpmDesignStandard!$C$3),RpmDesignStandard!$D$3,RpmDesignStandard!$D$4)), IF($R9<=RpmDesignStandard!$C$5, RpmDesignStandard!$D$5, IF(AND($R9>RpmDesignStandard!$B$6,$R9<=RpmDesignStandard!$C$6),RpmDesignStandard!$D$6, IF(AND($R9>RpmDesignStandard!$B$7,$R9<=RpmDesignStandard!$C$7),RpmDesignStandard!$D$7,RpmDesignStandard!$D$8)))) -> 3 | V9: =U9*RpmDesignStandard!$H$1 -> 6 | W9: =VLOOKUP(A9,RPM_ProjectRecord!A:AB,8,FALSE) | X9: =IFERROR(VALUE(LEFT(AE9,4)),"") -> 2030 | Y9: =IFERROR(VALUE(LEFT(AF9,4)),"") | Z9: =IFERROR(VALUE(LEFT(AG9,4)),"") | AA9: =IFERROR(VALUE(LEFT(AH9,4)),"") | AB9: =IFERROR(VALUE(LEFT(AI9,4)),"") | AC9: =IF(VLOOKUP(A9,'3rdPhaseChipSeal'!A:L,12,FALSE)="","",VLOOKUP(A9,'3rdPhaseChipSeal'!A:L,12,FALSE)) | AD9: =IFERROR(IF(VLOOKUP(A9,RpmContracts!A:C,3,FALSE)="","",VLOOKUP(A9,RpmContracts!A:C,3,FALSE)),"") -> 2027 | AE9: =IF(VLOOKUP(A9,'20yPlan'!A:B,2,FALSE)="","",VLOOKUP(A9,'20yPlan'!A:B,2,FALSE)) -> 2030 Minor Structural | AF9: =IF(VLOOKUP(A9,'20yPlan'!A:C,3,FALSE)="","",VLOOKUP(A9,'20yPlan'!A:C,3,FALSE)) | AG9: =IF(VLOOKUP(A9,'20yPlan'!A:D,4,FALSE)="","",VLOOKUP(A9,'20yPlan'!A:D,4,FALSE)) | AH9: =IF(VLOOKUP(A9,'20yPlan'!A:E,5,FALSE)="","",VLOOKUP(A9,'20yPlan'!A:E,5,FALSE)) | AI9: =IF(VLOOKUP(A9,'20yPlan'!A:F,6,FALSE)="","",VLOOKUP(A9,'20yPlan'!A:F,6,FALSE)) | AJ9: =IF(AC9="","",_xlfn.CONCAT(AC9," ","Chip Seal")) | AK9: =IF(AD9="","",_xlfn.CONCAT(AD9," ","RPM Replacement")) -> 2027 RPM Replacement | AL9: =IFERROR(U9+W9,YEAR(TODAY())) -> 2025 | AM9: =IF(W9="",AD9,IF(AND(MIN(X9:AD9)<=(W9+V9),MIN(X9:AD9)>W9),MIN(X9:AD9),"")) -> 2027 | AN9: =IF(AM9=X9,AE9,IF(AM9=Y9,AF9,IF(AM9=AC9,AJ9,AK9))) -> 2027 RPM Replacement
A10: 60008 | B10: I-64 | C10: From 0.79 Miles E of US 231 to 3.21 miles E of SR 162 | D10: 57.249264 | E10: 65.94863 | F10: 57 +0.254 | G10: 65 +0.924 | H10: 412860 | I10: A2 | J10: 6 | K10: 2035 | L10: 4 | M10: FLEX | N10: Is on the NHS | O10: Tell City | P10: Birdseye Unit 3,Chrisney Unit 5,Dale Unit 4 | Q10: Dubois,Spencer | R10: 16523 | S10: 6112 | T10: N/A | U10: =IF($L10<=2, IF($R10<=RpmDesignStandard!$C$2,RpmDesignStandard!$D$2, IF(AND($R10>RpmDesignStandard!$B$3,$R10<=RpmDesignStandard!$C$3),RpmDesignStandard!$D$3,RpmDesignStandard!$D$4)), IF($R10<=RpmDesignStandard!$C$5, RpmDesignStandard!$D$5, IF(AND($R10>RpmDesignStandard!$B$6,$R10<=RpmDesignStandard!$C$6),RpmDesignStandard!$D$6, IF(AND($R10>RpmDesignStandard!$B$7,$R10<=RpmDesignStandard!$C$7),RpmDesignStandard!$D$7,RpmDesignStandard!$D$8)))) -> 3 | V10: =U10*RpmDesignStandard!$H$1 -> 6 | W10: =VLOOKUP(A10,RPM_ProjectRecord!A:AB,8,FALSE) | X10: =IFERROR(VALUE(LEFT(AE10,4)),"") -> 2035 | Y10: =IFERROR(VALUE(LEFT(AF10,4)),"") | Z10: =IFERROR(VALUE(LEFT(AG10,4)),"") | AA10: =IFERROR(VALUE(LEFT(AH10,4)),"") | AB10: =IFERROR(VALUE(LEFT(AI10,4)),"") | AC10: =IF(VLOOKUP(A10,'3rdPhaseChipSeal'!A:L,12,FALSE)="","",VLOOKUP(A10,'3rdPhaseChipSeal'!A:L,12,FALSE)) | AD10: =IFERROR(IF(VLOOKUP(A10,RpmContracts!A:C,3,FALSE)="","",VLOOKUP(A10,RpmContracts!A:C,3,FALSE)),"") -> 2027 | AE10: =IF(VLOOKUP(A10,'20yPlan'!A:B,2,FALSE)="","",VLOOKUP(A10,'20yPlan'!A:B,2,FALSE)) -> 2035 Preventive Maintenance | AF10: =IF(VLOOKUP(A10,'20yPlan'!A:C,3,FALSE)="","",VLOOKUP(A10,'20yPlan'!A:C,3,FALSE)) | AG10: =IF(VLOOKUP(A10,'20yPlan'!A:D,4,FALSE)="","",VLOOKUP(A10,'20yPlan'!A:D,4,FALSE)) | AH10: =IF(VLOOKUP(A10,'20yPlan'!A:E,5,FALSE)="","",VLOOKUP(A10,'20yPlan'!A:E,5,FALSE)) | AI10: =IF(VLOOKUP(A10,'20yPlan'!A:F,6,FALSE)="","",VLOOKUP(A10,'20yPlan'!A:F,6,FALSE)) | AJ10: =IF(AC10="","",_xlfn.CONCAT(AC10," ","Chip Seal")) | AK10: =IF(AD10="","",_xlfn.CONCAT(AD10," ","RPM Replacement")) -> 2027 RPM Replacement | AL10: =IFERROR(U10+W10,YEAR(TODAY())) -> 2025 | AM10: =IF(W10="",AD10,IF(AND(MIN(X10:AD10)<=(W10+V10),MIN(X10:AD10)>W10),MIN(X10:AD10),"")) -> 2027 | AN10: =IF(AM10=X10,AE10,IF(AM10=Y10,AF10,IF(AM10=AC10,AJ10,AK10))) -> 2027 RPM Replacement
A11: 60009 | B11: I-64 | C11: From 3.21 miles E of SR 162 to 0.26 mi W of SR145 | D11: 65.94863 | E11: 71.729364 | F11: 65 +0.924 | G11: 71 +0.799 | H11: 278987 | I11: A2 | J11: 14 | K11: 2025 | L11: 4 | M11: FLEX | N11: Is on the NHS | O11: Tell City | P11: Birdseye Unit 3,Derby Unit 2 | Q11: Dubois,Perry,Spencer | R11: 17112 | S11: 5662 | T11: N/A | U11: =IF($L11<=2, IF($R11<=RpmDesignStandard!$C$2,RpmDesignStandard!$D$2, IF(AND($R11>RpmDesignStandard!$B$3,$R11<=RpmDesignStandard!$C$3),RpmDesignStandard!$D$3,RpmDesignStandard!$D$4)), IF($R11<=RpmDesignStandard!$C$5, RpmDesignStandard!$D$5, IF(AND($R11>RpmDesignStandard!$B$6,$R11<=RpmDesignStandard!$C$6),RpmDesignStandard!$D$6, IF(AND($R11>RpmDesignStandard!$B$7,$R11<=RpmDesignStandard!$C$7),RpmDesignStandard!$D$7,RpmDesignStandard!$D$8)))) -> 3 | V11: =U11*RpmDesignStandard!$H$1 -> 6 | W11: =VLOOKUP(A11,RPM_ProjectRecord!A:AB,8,FALSE) | X11: =IFERROR(VALUE(LEFT(AE11,4)),"") -> 2040 | Y11: =IFERROR(VALUE(LEFT(AF11,4)),"") | Z11: =IFERROR(VALUE(LEFT(AG11,4)),"") | AA11: =IFERROR(VALUE(LEFT(AH11,4)),"") | AB11: =IFERROR(VALUE(LEFT(AI11,4)),"") | AC11: =IF(VLOOKUP(A11,'3rdPhaseChipSeal'!A:L,12,FALSE)="","",VLOOKUP(A11,'3rdPhaseChipSeal'!A:L,12,FALSE)) | AD11: =IFERROR(IF(VLOOKUP(A11,RpmContracts!A:C,3,FALSE)="","",VLOOKUP(A11,RpmContracts!A:C,3,FALSE)),"") -> 2027 | AE11: =IF(VLOOKUP(A11,'20yPlan'!A:B,2,FALSE)="","",VLOOKUP(A11,'20yPlan'!A:B,2,FALSE)) -> 2040 Preventive Maintenance | AF11: =IF(VLOOKUP(A11,'20yPlan'!A:C,3,FALSE)="","",VLOOKUP(A11,'20yPlan'!A:C,3,FALSE)) | AG11: =IF(VLOOKUP(A11,'20yPlan'!A:D,4,FALSE)="","",VLOOKUP(A11,'20yPlan'!A:D,4,FALSE)) | AH11: =IF(VLOOKUP(A11,'20yPlan'!A:E,5,FALSE)="","",VLOOKUP(A11,'20yPlan'!A:E,5,FALSE)) | AI11: =IF(VLOOKUP(A11,'20yPlan'!A:F,6,FALSE)="","",VLOOKUP(A11,'20yPlan'!A:F,6,FALSE)) | AJ11: =IF(AC11="","",_xlfn.CONCAT(AC11," ","Chip Seal")) | AK11: =IF(AD11="","",_xlfn.CONCAT(AD11," ","RPM Replacement")) -> 2027 RPM Replacement | AL11: =IFERROR(U11+W11,YEAR(TODAY())) -> 2025 | AM11: =IF(W11="",AD11,IF(AND(MIN(X11:AD11)<=(W11+V11),MIN(X11:AD11)>W11),MIN(X11:AD11),"")) -> 2027 | AN11: =IF(AM11=X11,AE11,IF(AM11=Y11,AF11,IF(AM11=AC11,AJ11,AK11))) -> 2027 RPM Replacement
A12: 60010 | B12: I-64 | C12: From 0.26 mi W of SR145 to 0.47 Miles W of SR 37 | D12: 71.729364 | E12: 78.077108 | F12: 71 +0.799 | G12: 78 +0.137 | H12: 310405 | I12: A2 | J12: 6 | K12: 2034 | L12: 4 | M12: FLEX | N12: Is on the NHS | O12: Tell City | P12: Birdseye Unit 3,Derby Unit 2 | Q12: Crawford,Perry | R12: 16328 | S12: 6350 | T12: N/A | U12: =IF($L12<=2, IF($R12<=RpmDesignStandard!$C$2,RpmDesignStandard!$D$2, IF(AND($R12>RpmDesignStandard!$B$3,$R12<=RpmDesignStandard!$C$3),RpmDesignStandard!$D$3,RpmDesignStandard!$D$4)), IF($R12<=RpmDesignStandard!$C$5, RpmDesignStandard!$D$5, IF(AND($R12>RpmDesignStandard!$B$6,$R12<=RpmDesignStandard!$C$6),RpmDesignStandard!$D$6, IF(AND($R12>RpmDesignStandard!$B$7,$R12<=RpmDesignStandard!$C$7),RpmDesignStandard!$D$7,RpmDesignStandard!$D$8)))) -> 3 | V12: =U12*RpmDesignStandard!$H$1 -> 6 | W12: =VLOOKUP(A12,RPM_ProjectRecord!A:AB,8,FALSE) | X12: =IFERROR(VALUE(LEFT(AE12,4)),"") -> 2034 | Y12: =IFERROR(VALUE(LEFT(AF12,4)),"") | Z12: =IFERROR(VALUE(LEFT(AG12,4)),"") | AA12: =IFERROR(VALUE(LEFT(AH12,4)),"") | AB12: =IFERROR(VALUE(LEFT(AI12,4)),"") | AC12: =IF(VLOOKUP(A12,'3rdPhaseChipSeal'!A:L,12,FALSE)="","",VLOOKUP(A12,'3rdPhaseChipSeal'!A:L,12,FALSE)) | AD12: =IFERROR(IF(VLOOKUP(A12,RpmContracts!A:C,3,FALSE)="","",VLOOKUP(A12,RpmContracts!A:C,3,FALSE)),"") -> 2027 | AE12: =IF(VLOOKUP(A12,'20yPlan'!A:B,2,FALSE)="","",VLOOKUP(A12,'20yPlan'!A:B,2,FALSE)) -> 2034 Preventive Maintenance | AF12: =IF(VLOOKUP(A12,'20yPlan'!A:C,3,FALSE)="","",VLOOKUP(A12,'20yPlan'!A:C,3,FALSE)) | AG12: =IF(VLOOKUP(A12,'20yPlan'!A:D,4,FALSE)="","",VLOOKUP(A12,'20yPlan'!A:D,4,FALSE)) | AH12: =IF(VLOOKUP(A12,'20yPlan'!A:E,5,FALSE)="","",VLOOKUP(A12,'20yPlan'!A:E,5,FALSE)) | AI12: =IF(VLOOKUP(A12,'20yPlan'!A:F,6,FALSE)="","",VLOOKUP(A12,'20yPlan'!A:F,6,FALSE)) | AJ12: =IF(AC12="","",_xlfn.CONCAT(AC12," ","Chip Seal")) | AK12: =IF(AD12="","",_xlfn.CONCAT(AD12," ","RPM Replacement")) -> 2027 RPM Replacement | AL12: =IFERROR(U12+W12,YEAR(TODAY())) -> 2025 | AM12: =IF(W12="",AD12,IF(AND(MIN(X12:AD12)<=(W12+V12),MIN(X12:AD12)>W12),MIN(X12:AD12),"")) -> 2027 | AN12: =IF(AM12=X12,AE12,IF(AM12=Y12,AF12,IF(AM12=AC12,AJ12,AK12))) -> 2027 RPM Replacement
A13: 60011 | B13: I-64 | C13: From 0.47 Miles W of SR 37 to 1.30 Miles W of SR 237 | D13: 78.077108 | E13: 84.425189 | F13: 78 +0.137 | G13: 84 +0.504 | H13: 304464 | I13: A2 | J13: 7 | K13: 2031 | L13: 4 | M13: FLEX | N13: Is on the NHS | O13: Tell City | P13: Birdseye Unit 3 | Q13: Crawford,Perry | R13: 16917 | S13: 6712 | T13: N/A | U13: =IF($L13<=2, IF($R13<=RpmDesignStandard!$C$2,RpmDesignStandard!$D$2, IF(AND($R13>RpmDesignStandard!$B$3,$R13<=RpmDesignStandard!$C$3),RpmDesignStandard!$D$3,RpmDesignStandard!$D$4)), IF($R13<=RpmDesignStandard!$C$5, RpmDesignStandard!$D$5, IF(AND($R13>RpmDesignStandard!$B$6,$R13<=RpmDesignStandard!$C$6),RpmDesignStandard!$D$6, IF(AND($R13>RpmDesignStandard!$B$7,$R13<=RpmDesignStandard!$C$7),RpmDesignStandard!$D$7,RpmDesignStandard!$D$8)))) -> 3 | V13: =U13*RpmDesignStandard!$H$1 -> 6 | W13: =VLOOKUP(A13,RPM_ProjectRecord!A:AB,8,FALSE) | X13: =IFERROR(VALUE(LEFT(AE13,4)),"") -> 2031 | Y13: =IFERROR(VALUE(LEFT(AF13,4)),"") | Z13: =IFERROR(VALUE(LEFT(AG13,4)),"") | AA13: =IFERROR(VALUE(LEFT(AH13,4)),"") | AB13: =IFERROR(VALUE(LEFT(AI13,4)),"") | AC13: =IF(VLOOKUP(A13,'3rdPhaseChipSeal'!A:L,12,FALSE)="","",VLOOKUP(A13,'3rdPhaseChipSeal'!A:L,12,FALSE)) | AD13: =IFERROR(IF(VLOOKUP(A13,RpmContracts!A:C,3,FALSE)="","",VLOOKUP(A13,RpmContracts!A:C,3,FALSE)),"") -> 2027 | AE13: =IF(VLOOKUP(A13,'20yPlan'!A:B,2,FALSE)="","",VLOOKUP(A13,'20yPlan'!A:B,2,FALSE)) -> 2031 Preventive Maintenance | AF13: =IF(VLOOKUP(A13,'20yPlan'!A:C,3,FALSE)="","",VLOOKUP(A13,'20yPlan'!A:C,3,FALSE)) | AG13: =IF(VLOOKUP(A13,'20yPlan'!A:D,4,FALSE)="","",VLOOKUP(A13,'20yPlan'!A:D,4,FALSE)) | AH13: =IF(VLOOKUP(A13,'20yPlan'!A:E,5,FALSE)="","",VLOOKUP(A13,'20yPlan'!A:E,5,FALSE)) | AI13: =IF(VLOOKUP(A13,'20yPlan'!A:F,6,FALSE)="","",VLOOKUP(A13,'20yPlan'!A:F,6,FALSE)) | AJ13: =IF(AC13="","",_xlfn.CONCAT(AC13," ","Chip Seal")) | AK13: =IF(AD13="","",_xlfn.CONCAT(AD13," ","RPM Replacement")) -> 2027 RPM Replacement | AL13: =IFERROR(U13+W13,YEAR(TODAY())) -> 2025 | AM13: =IF(W13="",AD13,IF(AND(MIN(X13:AD13)<=(W13+V13),MIN(X13:AD13)>W13),MIN(X13:AD13),"")) -> 2027 | AN13: =IF(AM13=X13,AE13,IF(AM13=Y13,AF13,IF(AM13=AC13,AJ13,AK13))) -> 2027 RPM Replacement
... A22: 60020 | B22: I-69 | C22: From 6.62 mi N. US 50 to 3.12 mi S. SR 58 (Asphalt) | D22: 69.238749 | E22: 73.499573 | F22: 68 +0.556 | G22: 72 +0.818 | H22: 111443 | I22: A2 | J22: 11 | K22: 2027 | L22: 4 | M22: FLEX | N22: Is on the NHS | O22: Linton,Vincennes | P22: Linton,Loogootee Unit | Q22: Daviess | R22: 8895 | S22: 2383 | T22: N/A | U22: =IF($L22<=2, IF($R22<=RpmDesignStandard!$C$2,RpmDesignStandard!$D$2, IF(AND($R22>RpmDesignStandard!$B$3,$R22<=RpmDesignStandard!$C$3),RpmDesignStandard!$D$3,RpmDesignStandard!$D$4)), IF($R22<=RpmDesignStandard!$C$5, RpmDesignStandard!$D$5, IF(AND($R22>RpmDesignStandard!$B$6,$R22<=RpmDesignStandard!$C$6),RpmDesignStandard!$D$6, IF(AND($R22>RpmDesignStandard!$B$7,$R22<=RpmDesignStandard!$C$7),RpmDesignStandard!$D$7,RpmDesignStandard!$D$8)))) -> 4 | V22: =U22*RpmDesignStandard!$H$1 -> 8 | W22: =VLOOKUP(A22,RPM_ProjectRecord!A:AB,8,FALSE) | X22: =IFERROR(VALUE(LEFT(AE22,4)),"") -> 2042 | Y22: =IFERROR(VALUE(LEFT(AF22,4)),"") | Z22: =IFERROR(VALUE(LEFT(AG22,4)),"") | AA22: =IFERROR(VALUE(LEFT(AH22,4)),"") | AB22: =IFERROR(VALUE(LEFT(AI22,4)),"") | AC22: =IF(VLOOKUP(A22,'3rdPhaseChipSeal'!A:L,12,FALSE)="","",VLOOKUP(A22,'3rdPhaseChipSeal'!A:L,12,FALSE)) | AD22: =IFERROR(IF(VLOOKUP(A22,RpmContracts!A:C,3,FALSE)="","",VLOOKUP(A22,RpmContracts!A:C,3,FALSE)),"") -> 2027 | AE22: =IF(VLOOKUP(A22,'20yPlan'!A:B,2,FALSE)="","",VLOOKUP(A22,'20yPlan'!A:B,2,FALSE)) -> 2042 Preventive Maintenance | AF22: =IF(VLOOKUP(A22,'20yPlan'!A:C,3,FALSE)="","",VLOOKUP(A22,'20yPlan'!A:C,3,FALSE)) | AG22: =IF(VLOOKUP(A22,'20yPlan'!A:D,4,FALSE)="","",VLOOKUP(A22,'20yPlan'!A:D,4,FALSE)) | AH22: =IF(VLOOKUP(A22,'20yPlan'!A:E,5,FALSE)="","",VLOOKUP(A22,'20yPlan'!A:E,5,FALSE)) | AI22: =IF(VLOOKUP(A22,'20yPlan'!A:F,6,FALSE)="","",VLOOKUP(A22,'20yPlan'!A:F,6,FALSE)) | AJ22: =IF(AC22="","",_xlfn.CONCAT(AC22," ","Chip Seal")) | AK22: =IF(AD22="","",_xlfn.CONCAT(AD22," ","RPM Replacement")) -> 2027 RPM Replacement | AL22: =IFERROR(U22+W22,YEAR(TODAY())) -> 2025 | AM22: =IF(W22="",AD22,IF(AND(MIN(X22:AD22)<=(W22+V22),MIN(X22:AD22)>W22),MIN(X22:AD22),"")) -> 2027 | AN22: =IF(AM22=X22,AE22,IF(AM22=Y22,AF22,IF(AM22=AC22,AJ22,AK22))) -> 2027 RPM Replacement
A23: 60021 | B23: US 41 | C23: From KY /IN State line To 0.10 mi S. I69 | D23: 0 | E23: 1.057752 | F23: 0 -0.064 | G23: 1 +0.112 | H23: 53754 | I23: B1 | J23: 4 | L23: 4 | M23: FLEX | N23: Is on the NHS | O23: Evansville | P23: Evansville Unit 1 | Q23: Vanderburgh | R23: 38467 | S23: 5122 | T23: N/A | U23: =IF($L23<=2, IF($R23<=RpmDesignStandard!$C$2,RpmDesignStandard!$D$2, IF(AND($R23>RpmDesignStandard!$B$3,$R23<=RpmDesignStandard!$C$3),RpmDesignStandard!$D$3,RpmDesignStandard!$D$4)), IF($R23<=RpmDesignStandard!$C$5, RpmDesignStandard!$D$5, IF(AND($R23>RpmDesignStandard!$B$6,$R23<=RpmDesignStandard!$C$6),RpmDesignStandard!$D$6, IF(AND($R23>RpmDesignStandard!$B$7,$R23<=RpmDesignStandard!$C$7),RpmDesignStandard!$D$7,RpmDesignStandard!$D$8)))) -> 2 | V23: =U23*RpmDesignStandard!$H$1 -> 4 | W23: =VLOOKUP(A23,RPM_ProjectRecord!A:AB,8,FALSE) | X23: =IFERROR(VALUE(LEFT(AE23,4)),"") | Y23: =IFERROR(VALUE(LEFT(AF23,4)),"") | Z23: =IFERROR(VALUE(LEFT(AG23,4)),"") | AA23: =IFERROR(VALUE(LEFT(AH23,4)),"") | AB23: =IFERROR(VALUE(LEFT(AI23,4)),"") | AC23: =IF(VLOOKUP(A23,'3rdPhaseChipSeal'!A:L,12,FALSE)="","",VLOOKUP(A23,'3rdPhaseChipSeal'!A:L,12,FALSE)) | AD23: =IFERROR(IF(VLOOKUP(A23,RpmContracts!A:C,3,FALSE)="","",VLOOKUP(A23,RpmContracts!A:C,3,FALSE)),"") | AE23: =IF(VLOOKUP(A23,'20yPlan'!A:B,2,FALSE)="","",VLOOKUP(A23,'20yPlan'!A:B,2,FALSE)) | AF23: =IF(VLOOKUP(A23,'20yPlan'!A:C,3,FALSE)="","",VLOOKUP(A23,'20yPlan'!A:C,3,FALSE)) | AG23: =IF(VLOOKUP(A23,'20yPlan'!A:D,4,FALSE)="","",VLOOKUP(A23,'20yPlan'!A:D,4,FALSE)) | AH23: =IF(VLOOKUP(A23,'20yPlan'!A:E,5,FALSE)="","",VLOOKUP(A23,'20yPlan'!A:E,5,FALSE)) | AI23: =IF(VLOOKUP(A23,'20yPlan'!A:F,6,FALSE)="","",VLOOKUP(A23,'20yPlan'!A:F,6,FALSE)) | AJ23: =IF(AC23="","",_xlfn.CONCAT(AC23," ","Chip Seal")) | AK23: =IF(AD23="","",_xlfn.CONCAT(AD23," ","RPM Replacement")) | AL23: =IFERROR(U23+W23,YEAR(TODAY())) -> 2025 | AM23: =IF(W23="",AD23,IF(AND(MIN(X23:AD23)<=(W23+V23),MIN(X23:AD23)>W23),MIN(X23:AD23),"")) | AN23: =IF(AM23=X23,AE23,IF(AM23=Y23,AF23,IF(AM23=AC23,AJ23,AK23)))
A24: 60022 | B24: US 41 | C24: From SR 57 to 3.30 mi N SR-57 (0.20 mi N Boonville/New Harmony Road) | D24: 8.90409 | E24: 12.194726 | F24: 8 +0.646 | G24: 12 +0.248 | H24: 142320 | I24: B1 | J24: 6 | L24: 4 | M24: FLEX | N24: Is on the NHS | O24: Evansville | P24: Boyle Lane Unit 2 | Q24: Vanderburgh | R24: 25274 | S24: 3433 | T24: N/A | U24: =IF($L24<=2, IF($R24<=RpmDesignStandard!$C$2,RpmDesignStandard!$D$2, IF(AND($R24>RpmDesignStandard!$B$3,$R24<=RpmDesignStandard!$C$3),RpmDesignStandard!$D$3,RpmDesignStandard!$D$4)), IF($R24<=RpmDesignStandard!$C$5, RpmDesignStandard!$D$5, IF(AND($R24>RpmDesignStandard!$B$6,$R24<=RpmDesignStandard!$C$6),RpmDesignStandard!$D$6, IF(AND($R24>RpmDesignStandard!$B$7,$R24<=RpmDesignStandard!$C$7),RpmDesignStandard!$D$7,RpmDesignStandard!$D$8)))) -> 3 | V24: =U24*RpmDesignStandard!$H$1 -> 6 | W24: =VLOOKUP(A24,RPM_ProjectRecord!A:AB,8,FALSE) -> 2025 | X24: =IFERROR(VALUE(LEFT(AE24,4)),"") | Y24: =IFERROR(VALUE(LEFT(AF24,4)),"") | Z24: =IFERROR(VALUE(LEFT(AG24,4)),"") | AA24: =IFERROR(VALUE(LEFT(AH24,4)),"") | AB24: =IFERROR(VALUE(LEFT(AI24,4)),"") | AC24: =IF(VLOOKUP(A24,'3rdPhaseChipSeal'!A:L,12,FALSE)="","",VLOOKUP(A24,'3rdPhaseChipSeal'!A:L,12,FALSE)) | AD24: =IFERROR(IF(VLOOKUP(A24,RpmContracts!A:C,3,FALSE)="","",VLOOKUP(A24,RpmContracts!A:C,3,FALSE)),"") -> 2027 | AE24: =IF(VLOOKUP(A24,'20yPlan'!A:B,2,FALSE)="","",VLOOKUP(A24,'20yPlan'!A:B,2,FALSE)) | AF24: =IF(VLOOKUP(A24,'20yPlan'!A:C,3,FALSE)="","",VLOOKUP(A24,'20yPlan'!A:C,3,FALSE)) | AG24: =IF(VLOOKUP(A24,'20yPlan'!A:D,4,FALSE)="","",VLOOKUP(A24,'20yPlan'!A:D,4,FALSE)) | AH24: =IF(VLOOKUP(A24,'20yPlan'!A:E,5,FALSE)="","",VLOOKUP(A24,'20yPlan'!A:E,5,FALSE)) | AI24: =IF(VLOOKUP(A24,'20yPlan'!A:F,6,FALSE)="","",VLOOKUP(A24,'20yPlan'!A:F,6,FALSE)) | AJ24: =IF(AC24="","",_xlfn.CONCAT(AC24," ","Chip Seal")) | AK24: =IF(AD24="","",_xlfn.CONCAT(AD24," ","RPM Replacement")) -> 2027 RPM Replacement | AL24: =IFERROR(U24+W24,YEAR(TODAY())) -> 2028 | AM24: =IF(W24="",AD24,IF(AND(MIN(X24:AD24)<=(W24+V24),MIN(X24:AD24)>W24),MIN(X24:AD24),"")) -> 2027 | AN24: =IF(AM24=X24,AE24,IF(AM24=Y24,AF24,IF(AM24=AC24,AJ24,AK24))) -> 2027 RPM Replacement
A25: 60023 | B25: US 41 | C25: From 3.30 mi N SR-57 (0.20 mi N Boonville/New Harmony Road) to 0.85 mi S. SR 168 (0.20 mi N. Coal Mine Rd) | D25: 12.194726 | E25: 22.403544 | F25: 12 +0.248 | G25: 22 +0.354 | H25: 527969 | I25: B1 | J25: 8 | K25: 2027 | L25: 4 | M25: FLEX | N25: Is on the NHS | O25: Evansville,Vincennes | P25: Boyle Lane Unit 2,Oakland City Unit | Q25: Gibson,Vanderburgh | R25: 23678 | S25: 3386 | T25: N/A | U25: =IF($L25<=2, IF($R25<=RpmDesignStandard!$C$2,RpmDesignStandard!$D$2, IF(AND($R25>RpmDesignStandard!$B$3,$R25<=RpmDesignStandard!$C$3),RpmDesignStandard!$D$3,RpmDesignStandard!$D$4)), IF($R25<=RpmDesignStandard!$C$5, RpmDesignStandard!$D$5, IF(AND($R25>RpmDesignStandard!$B$6,$R25<=RpmDesignStandard!$C$6),RpmDesignStandard!$D$6, IF(AND($R25>RpmDesignStandard!$B$7,$R25<=RpmDesignStandard!$C$7),RpmDesignStandard!$D$7,RpmDesignStandard!$D$8)))) -> 3 | V25: =U25*RpmDesignStandard!$H$1 -> 6 | W25: =VLOOKUP(A25,RPM_ProjectRecord!A:AB,8,FALSE) | X25: =IFERROR(VALUE(LEFT(AE25,4)),"") -> 2030 | Y25: =IFERROR(VALUE(LEFT(AF25,4)),"") | Z25: =IFERROR(VALUE(LEFT(AG25,4)),"") | AA25: =IFERROR(VALUE(LEFT(AH25,4)),"") | AB25: =IFERROR(VALUE(LEFT(AI25,4)),"") | AC25: =IF(VLOOKUP(A25,'3rdPhaseChipSeal'!A:L,12,FALSE)="","",VLOOKUP(A25,'3rdPhaseChipSeal'!A:L,12,FALSE)) | AD25: =IFERROR(IF(VLOOKUP(A25,RpmContracts!A:C,3,FALSE)="","",VLOOKUP(A25,RpmContracts!A:C,3,FALSE)),"") | AE25: =IF(VLOOKUP(A25,'20yPlan'!A:B,2,FALSE)="","",VLOOKUP(A25,'20yPlan'!A:B,2,FALSE)) -> 2030 Major Structural | AF25: =IF(VLOOKUP(A25,'20yPlan'!A:C,3,FALSE)="","",VLOOKUP(A25,'20yPlan'!A:C,3,FALSE)) | AG25: =IF(VLOOKUP(A25,'20yPlan'!A:D,4,FALSE)="","",VLOOKUP(A25,'20yPlan'!A:D,4,FALSE)) | AH25: =IF(VLOOKUP(A25,'20yPlan'!A:E,5,FALSE)="","",VLOOKUP(A25,'20yPlan'!A:E,5,FALSE)) | AI25: =IF(VLOOKUP(A25,'20yPlan'!A:F,6,FALSE)="","",VLOOKUP(A25,'20yPlan'!A:F,6,FALSE)) | AJ25: =IF(AC25="","",_xlfn.CONCAT(AC25," ","Chip Seal")) | AK25: =IF(AD25="","",_xlfn.CONCAT(AD25," ","RPM Replacement")) | AL25: =IFERROR(U25+W25,YEAR(TODAY())) -> 2025 | AM25: =IF(W25="",AD25,IF(AND(MIN(X25:AD25)<=(W25+V25),MIN(X25:AD25)>W25),MIN(X25:AD25),"")) | AN25: =IF(AM25=X25,AE25,IF(AM25=Y25,AF25,IF(AM25=AC25,AJ25,AK25)))
A26: 60024 | B26: US 41 | C26: From 0.85 SR 168 ( 0.20 mil N. Coal Mine Rd) to 0.53 N. SR 64 (Southern RR Bridge) | D26: 22.403544 | E26: 31.516692 | F26: 22 +0.354 | G26: 31 +0.451 | H26: 406131 | I26: B1 | J26: 11 | K26: 2027 | L26: 4 | M26: FLEX | N26: Is on the NHS | O26: Evansville,Vincennes | P26: Boyle Lane Unit 2,Oakland City Unit,Vincennes Unit 2 | Q26: Gibson | R26: 19159 | S26: 2941 | T26: N/A | U26: =IF($L26<=2, IF($R26<=RpmDesignStandard!$C$2,RpmDesignStandard!$D$2, IF(AND($R26>RpmDesignStandard!$B$3,$R26<=RpmDesignStandard!$C$3),RpmDesignStandard!$D$3,RpmDesignStandard!$D$4)), IF($R26<=RpmDesignStandard!$C$5, RpmDesignStandard!$D$5, IF(AND($R26>RpmDesignStandard!$B$6,$R26<=RpmDesignStandard!$C$6),RpmDesignStandard!$D$6, IF(AND($R26>RpmDesignStandard!$B$7,$R26<=RpmDesignStandard!$C$7),RpmDesignStandard!$D$7,RpmDesignStandard!$D$8)))) -> 3 | V26: =U26*RpmDesignStandard!$H$1 -> 6 | W26: =VLOOKUP(A26,RPM_ProjectRecord!A:AB,8,FALSE) -> 2021 | X26: =IFERROR(VALUE(LEFT(AE26,4)),"") | Y26: =IFERROR(VALUE(LEFT(AF26,4)),"") | Z26: =IFERROR(VALUE(LEFT(AG26,4)),"") | AA26: =IFERROR(VALUE(LEFT(AH26,4)),"") | AB26: =IFERROR(VALUE(LEFT(AI26,4)),"") | AC26: =IF(VLOOKUP(A26,'3rdPhaseChipSeal'!A:L,12,FALSE)="","",VLOOKUP(A26,'3rdPhaseChipSeal'!A:L,12,FALSE)) | AD26: =IFERROR(IF(VLOOKUP(A26,RpmContracts!A:C,3,FALSE)="","",VLOOKUP(A26,RpmContracts!A:C,3,FALSE)),"") -> 2027 | AE26: =IF(VLOOKUP(A26,'20yPlan'!A:B,2,FALSE)="","",VLOOKUP(A26,'20yPlan'!A:B,2,FALSE)) | AF26: =IF(VLOOKUP(A26,'20yPlan'!A:C,3,FALSE)="","",VLOOKUP(A26,'20yPlan'!A:C,3,FALSE)) | AG26: =IF(VLOOKUP(A26,'20yPlan'!A:D,4,FALSE)="","",VLOOKUP(A26,'20yPlan'!A:D,4,FALSE)) | AH26: =IF(VLOOKUP(A26,'20yPlan'!A:E,5,FALSE)="","",VLOOKUP(A26,'20yPlan'!A:E,5,FALSE)) | AI26: =IF(VLOOKUP(A26,'20yPlan'!A:F,6,FALSE)="","",VLOOKUP(A26,'20yPlan'!A:F,6,FALSE)) | AJ26: =IF(AC26="","",_xlfn.CONCAT(AC26," ","Chip Seal")) | AK26: =IF(AD26="","",_xlfn.CONCAT(AD26," ","RPM Replacement")) -> 2027 RPM Replacement | AL26: =IFERROR(U26+W26,YEAR(TODAY())) -> 2024 | AM26: =IF(W26="",AD26,IF(AND(MIN(X26:AD26)<=(W26+V26),MIN(X26:AD26)>W26),MIN(X26:AD26),"")) -> 2027 | AN26: =IF(AM26=X26,AE26,IF(AM26=Y26,AF26,IF(AM26=AC26,AJ26,AK26))) -> 2027 RPM Replacement
A27: 60025 | B27: US 41 | C27: From 0.53 miles N of SR-64 to 0.50 miles S of SR-241 | D27: 31.516692 | E27: 43.178109 | F27: 31 +0.451 | G27: 43 +0.177 | H27: 513715 | I27: B2 | J27: 5 | L27: 4 | M27: FLEX | N27: Is on the NHS | O27: Vincennes | P27: Oakland City Unit,Vincennes Unit 2 | Q27: Gibson,Knox | R27: 11679 | S27: 1791 | T27: N/A | U27: =IF($L27<=2, IF($R27<=RpmDesignStandard!$C$2,RpmDesignStandard!$D$2, IF(AND($R27>RpmDesignStandard!$B$3,$R27<=RpmDesignStandard!$C$3),RpmDesignStandard!$D$3,RpmDesignStandard!$D$4)), IF($R27<=RpmDesignStandard!$C$5, RpmDesignStandard!$D$5, IF(AND($R27>RpmDesignStandard!$B$6,$R27<=RpmDesignStandard!$C$6),RpmDesignStandard!$D$6, IF(AND($R27>RpmDesignStandard!$B$7,$R27<=RpmDesignStandard!$C$7),RpmDesignStandard!$D$7,RpmDesignStandard!$D$8)))) -> 3 | V27: =U27*RpmDesignStandard!$H$1 -> 6 | W27: =VLOOKUP(A27,RPM_ProjectRecord!A:AB,8,FALSE) -> 2025 | X27: =IFERROR(VALUE(LEFT(AE27,4)),"") | Y27: =IFERROR(VALUE(LEFT(AF27,4)),"") | Z27: =IFERROR(VALUE(LEFT(AG27,4)),"") | AA27: =IFERROR(VALUE(LEFT(AH27,4)),"") | AB27: =IFERROR(VALUE(LEFT(AI27,4)),"") | AC27: =IF(VLOOKUP(A27,'3rdPhaseChipSeal'!A:L,12,FALSE)="","",VLOOKUP(A27,'3rdPhaseChipSeal'!A:L,12,FALSE)) | AD27: =IFERROR(IF(VLOOKUP(A27,RpmContracts!A:C,3,FALSE)="","",VLOOKUP(A27,RpmContracts!A:C,3,FALSE)),"") -> 2027 | AE27: =IF(VLOOKUP(A27,'20yPlan'!A:B,2,FALSE)="","",VLOOKUP(A27,'20yPlan'!A:B,2,FALSE)) | AF27: =IF(VLOOKUP(A27,'20yPlan'!A:C,3,FALSE)="","",VLOOKUP(A27,'20yPlan'!A:C,3,FALSE)) | AG27: =IF(VLOOKUP(A27,'20yPlan'!A:D,4,FALSE)="","",VLOOKUP(A27,'20yPlan'!A:D,4,FALSE)) | AH27: =IF(VLOOKUP(A27,'20yPlan'!A:E,5,FALSE)="","",VLOOKUP(A27,'20yPlan'!A:E,5,FALSE)) | AI27: =IF(VLOOKUP(A27,'20yPlan'!A:F,6,FALSE)="","",VLOOKUP(A27,'20yPlan'!A:F,6,FALSE)) | AJ27: =IF(AC27="","",_xlfn.CONCAT(AC27," ","Chip Seal")) | AK27: =IF(AD27="","",_xlfn.CONCAT(AD27," ","RPM Replacement")) -> 2027 RPM Replacement | AL27: =IFERROR(U27+W27,YEAR(TODAY())) -> 2028 | AM27: =IF(W27="",AD27,IF(AND(MIN(X27:AD27)<=(W27+V27),MIN(X27:AD27)>W27),MIN(X27:AD27),"")) -> 2027 | AN27: =IF(AM27=X27,AE27,IF(AM27=Y27,AF27,IF(AM27=AC27,AJ27,AK27))) -> 2027 RPM Replacement
A28: 60026 | B28: US 41 | C28: From 0.50 miles S of SR-241 to 0.58 mi S of E intersection with US 50 (Kelso Creek bridge) | D28: 43.178109 | E28: 54.736686 | F28: 43 +0.177 | G28: 54 +0.594 | H28: 543253 | I28: B2 | J28: 17 | K28: 2026 | L28: 4 | M28: FLEX | N28: Is on the NHS | O28: Vincennes | P28: Oakland City Unit,Vincennes Unit 2 | Q28: Gibson,Knox | R28: 13676 | S28: 2097 | T28: N/A | U28: =IF($L28<=2, IF($R28<=RpmDesignStandard!$C$2,RpmDesignStandard!$D$2, IF(AND($R28>RpmDesignStandard!$B$3,$R28<=RpmDesignStandard!$C$3),RpmDesignStandard!$D$3,RpmDesignStandard!$D$4)), IF($R28<=RpmDesignStandard!$C$5, RpmDesignStandard!$D$5, IF(AND($R28>RpmDesignStandard!$B$6,$R28<=RpmDesignStandard!$C$6),RpmDesignStandard!$D$6, IF(AND($R28>RpmDesignStandard!$B$7,$R28<=RpmDesignStandard!$C$7),RpmDesignStandard!$D$7,RpmDesignStandard!$D$8)))) -> 3 | V28: =U28*RpmDesignStandard!$H$1 -> 6 | W28: =VLOOKUP(A28,RPM_ProjectRecord!A:AB,8,FALSE) | X28: =IFERROR(VALUE(LEFT(AE28,4)),"") | Y28: =IFERROR(VALUE(LEFT(AF28,4)),"") | Z28: =IFERROR(VALUE(LEFT(AG28,4)),"") | AA28: =IFERROR(VALUE(LEFT(AH28,4)),"") | AB28: =IFERROR(VALUE(LEFT(AI28,4)),"") | AC28: =IF(VLOOKUP(A28,'3rdPhaseChipSeal'!A:L,12,FALSE)="","",VLOOKUP(A28,'3rdPhaseChipSeal'!A:L,12,FALSE)) | AD28: =IFERROR(IF(VLOOKUP(A28,RpmContracts!A:C,3,FALSE)="","",VLOOKUP(A28,RpmContracts!A:C,3,FALSE)),"") -> 2027 | AE28: =IF(VLOOKUP(A28,'20yPlan'!A:B,2,FALSE)="","",VLOOKUP(A28,'20yPlan'!A:B,2,FALSE)) | AF28: =IF(VLOOKUP(A28,'20yPlan'!A:C,3,FALSE)="","",VLOOKUP(A28,'20yPlan'!A:C,3,FALSE)) | AG28: =IF(VLOOKUP(A28,'20yPlan'!A:D,4,FALSE)="","",VLOOKUP(A28,'20yPlan'!A:D,4,FALSE)) | AH28: =IF(VLOOKUP(A28,'20yPlan'!A:E,5,FALSE)="","",VLOOKUP(A28,'20yPlan'!A:E,5,FALSE)) | AI28: =IF(VLOOKUP(A28,'20yPlan'!A:F,6,FALSE)="","",VLOOKUP(A28,'20yPlan'!A:F,6,FALSE)) | AJ28: =IF(AC28="","",_xlfn.CONCAT(AC28," ","Chip Seal")) | AK28: =IF(AD28="","",_xlfn.CONCAT(AD28," ","RPM Replacement")) -> 2027 RPM Replacement | AL28: =IFERROR(U28+W28,YEAR(TODAY())) -> 2025 | AM28: =IF(W28="",AD28,IF(AND(MIN(X28:AD28)<=(W28+V28),MIN(X28:AD28)>W28),MIN(X28:AD28),"")) -> 2027 | AN28: =IF(AM28=X28,AE28,IF(AM28=Y28,AF28,IF(AM28=AC28,AJ28,AK28))) -> 2027 RPM Replacement
A29: 60027 | B29: US 41 | C29: From W. Jct. US 50 to SR 550 | D29: 56.490668 | E29: 64.497228 | F29: 56 +0.155 | G29: 64 +0.433 | H29: 416914 | I29: B2 | J29: 15 | K29: 2028 | L29: 4 | M29: FLEX | N29: Is on the NHS | O29: Linton,Vincennes | P29: Sullivan Unit 3,Vincennes Unit 2 | Q29: Knox | R29: 10183 | S29: 1562 | T29: N/A | U29: =IF($L29<=2, IF($R29<=RpmDesignStandard!$C$2,RpmDesignStandard!$D$2, IF(AND($R29>RpmDesignStandard!$B$3,$R29<=RpmDesignStandard!$C$3),RpmDesignStandard!$D$3,RpmDesignStandard!$D$4)), IF($R29<=RpmDesignStandard!$C$5, RpmDesignStandard!$D$5, IF(AND($R29>RpmDesignStandard!$B$6,$R29<=RpmDesignStandard!$C$6),RpmDesignStandard!$D$6, IF(AND($R29>RpmDesignStandard!$B$7,$R29<=RpmDesignStandard!$C$7),RpmDesignStandard!$D$7,RpmDesignStandard!$D$8)))) -> 3 | V29: =U29*RpmDesignStandard!$H$1 -> 6 | W29: =VLOOKUP(A29,RPM_ProjectRecord!A:AB,8,FALSE) -> 2025 | X29: =IFERROR(VALUE(LEFT(AE29,4)),"") | Y29: =IFERROR(VALUE(LEFT(AF29,4)),"") | Z29: =IFERROR(VALUE(LEFT(AG29,4)),"") | AA29: =IFERROR(VALUE(LEFT(AH29,4)),"") | AB29: =IFERROR(VALUE(LEFT(AI29,4)),"") | AC29: =IF(VLOOKUP(A29,'3rdPhaseChipSeal'!A:L,12,FALSE)="","",VLOOKUP(A29,'3rdPhaseChipSeal'!A:L,12,FALSE)) | AD29: =IFERROR(IF(VLOOKUP(A29,RpmContracts!A:C,3,FALSE)="","",VLOOKUP(A29,RpmContracts!A:C,3,FALSE)),"") -> 2027 | AE29: =IF(VLOOKUP(A29,'20yPlan'!A:B,2,FALSE)="","",VLOOKUP(A29,'20yPlan'!A:B,2,FALSE)) | AF29: =IF(VLOOKUP(A29,'20yPlan'!A:C,3,FALSE)="","",VLOOKUP(A29,'20yPlan'!A:C,3,FALSE)) | AG29: =IF(VLOOKUP(A29,'20yPlan'!A:D,4,FALSE)="","",VLOOKUP(A29,'20yPlan'!A:D,4,FALSE)) | AH29: =IF(VLOOKUP(A29,'20yPlan'!A:E,5,FALSE)="","",VLOOKUP(A29,'20yPlan'!A:E,5,FALSE)) | AI29: =IF(VLOOKUP(A29,'20yPlan'!A:F,6,FALSE)="","",VLOOKUP(A29,'20yPlan'!A:F,6,FALSE)) | AJ29: =IF(AC29="","",_xlfn.CONCAT(AC29," ","Chip Seal")) | AK29: =IF(AD29="","",_xlfn.CONCAT(AD29," ","RPM Replacement")) -> 2027 RPM Replacement | AL29: =IFERROR(U29+W29,YEAR(TODAY())) -> 2028 | AM29: =IF(W29="",AD29,IF(AND(MIN(X29:AD29)<=(W29+V29),MIN(X29:AD29)>W29),MIN(X29:AD29),"")) -> 2027 | AN29: =IF(AM29=X29,AE29,IF(AM29=Y29,AF29,IF(AM29=AC29,AJ29,AK29))) -> 2027 RPM Replacement
A30: 60028 | B30: US 41 | C30: From SR 550 to 5.94 miles S of SR 58 (N. of Oaktown) | D30: 64.497228 | E30: 70.449892 | F30: 64 +0.433 | G30: 70 +0.490 | H30: 279906 | I30: B2 | J30: 15 | K30: 2030 | L30: 4 | M30: FLEX | N30: Is on the NHS | O30: Linton | P30: Sullivan Unit 3 | Q30: Knox | R30: 9109 | S30: 1397 | T30: N/A | U30: =IF($L30<=2, IF($R30<=RpmDesignStandard!$C$2,RpmDesignStandard!$D$2, IF(AND($R30>RpmDesignStandard!$B$3,$R30<=RpmDesignStandard!$C$3),RpmDesignStandard!$D$3,RpmDesignStandard!$D$4)), IF($R30<=RpmDesignStandard!$C$5, RpmDesignStandard!$D$5, IF(AND($R30>RpmDesignStandard!$B$6,$R30<=RpmDesignStandard!$C$6),RpmDesignStandard!$D$6, IF(AND($R30>RpmDesignStandard!$B$7,$R30<=RpmDesignStandard!$C$7),RpmDesignStandard!$D$7,RpmDesignStandard!$D$8)))) -> 4 | V30: =U30*RpmDesignStandard!$H$1 -> 8 | W30: =VLOOKUP(A30,RPM_ProjectRecord!A:AB,8,FALSE) -> 2025 | X30: =IFERROR(VALUE(LEFT(AE30,4)),"") -> 2030 | Y30: =IFERROR(VALUE(LEFT(AF30,4)),"") | Z30: =IFERROR(VALUE(LEFT(AG30,4)),"") | AA30: =IFERROR(VALUE(LEFT(AH30,4)),"") | AB30: =IFERROR(VALUE(LEFT(AI30,4)),"") | AC30: =IF(VLOOKUP(A30,'3rdPhaseChipSeal'!A:L,12,FALSE)="","",VLOOKUP(A30,'3rdPhaseChipSeal'!A:L,12,FALSE)) | AD30: =IFERROR(IF(VLOOKUP(A30,RpmContracts!A:C,3,FALSE)="","",VLOOKUP(A30,RpmContracts!A:C,3,FALSE)),"") -> 2027 | AE30: =IF(VLOOKUP(A30,'20yPlan'!A:B,2,FALSE)="","",VLOOKUP(A30,'20yPlan'!A:B,2,FALSE)) -> 2030 Preventive Maintenance | AF30: =IF(VLOOKUP(A30,'20yPlan'!A:C,3,FALSE)="","",VLOOKUP(A30,'20yPlan'!A:C,3,FALSE)) | AG30: =IF(VLOOKUP(A30,'20yPlan'!A:D,4,FALSE)="","",VLOOKUP(A30,'20yPlan'!A:D,4,FALSE)) | AH30: =IF(VLOOKUP(A30,'20yPlan'!A:E,5,FALSE)="","",VLOOKUP(A30,'20yPlan'!A:E,5,FALSE)) | AI30: =IF(VLOOKUP(A30,'20yPlan'!A:F,6,FALSE)="","",VLOOKUP(A30,'20yPlan'!A:F,6,FALSE)) | AJ30: =IF(AC30="","",_xlfn.CONCAT(AC30," ","Chip Seal")) | AK30: =IF(AD30="","",_xlfn.CONCAT(AD30," ","RPM Replacement")) -> 2027 RPM Replacement | AL30: =IFERROR(U30+W30,YEAR(TODAY())) -> 2029 | AM30: =IF(W30="",AD30,IF(AND(MIN(X30:AD30)<=(W30+V30),MIN(X30:AD30)>W30),MIN(X30:AD30),"")) -> 2027 | AN30: =IF(AM30=X30,AE30,IF(AM30=Y30,AF30,IF(AM30=AC30,AJ30,AK30))) -> 2027 RPM Replacement
A31: 60029 | B31: US 41 | C31: From 5.94 miles S of SR 58 (N. of Oaktown) to 0.44 mi S. SR 58 | D31: 70.449892 | E31: 75.819746 | F31: 70 +0.490 | G31: 75 +0.856 | H31: 247349 | I31: B2 | J31: 1 | L31: 4 | M31: FLEX | N31: Is on the NHS | O31: Linton | P31: Sullivan Unit 3 | Q31: Knox,Sullivan | R31: 8302 | S31: 1274 | T31: N/A | U31: =IF($L31<=2, IF($R31<=RpmDesignStandard!$C$2,RpmDesignStandard!$D$2, IF(AND($R31>RpmDesignStandard!$B$3,$R31<=RpmDesignStandard!$C$3),RpmDesignStandard!$D$3,RpmDesignStandard!$D$4)), IF($R31<=RpmDesignStandard!$C$5, RpmDesignStandard!$D$5, IF(AND($R31>RpmDesignStandard!$B$6,$R31<=RpmDesignStandard!$C$6),RpmDesignStandard!$D$6, IF(AND($R31>RpmDesignStandard!$B$7,$R31<=RpmDesignStandard!$C$7),RpmDesignStandard!$D$7,RpmDesignStandard!$D$8)))) -> 4 | V31: =U31*RpmDesignStandard!$H$1 -> 8 | W31: =VLOOKUP(A31,RPM_ProjectRecord!A:AB,8,FALSE) -> 2022 | X31: =IFERROR(VALUE(LEFT(AE31,4)),"") | Y31: =IFERROR(VALUE(LEFT(AF31,4)),"") | Z31: =IFERROR(VALUE(LEFT(AG31,4)),"") | AA31: =IFERROR(VALUE(LEFT(AH31,4)),"") | AB31: =IFERROR(VALUE(LEFT(AI31,4)),"") | AC31: =IF(VLOOKUP(A31,'3rdPhaseChipSeal'!A:L,12,FALSE)="","",VLOOKUP(A31,'3rdPhaseChipSeal'!A:L,12,FALSE)) | AD31: =IFERROR(IF(VLOOKUP(A31,RpmContracts!A:C,3,FALSE)="","",VLOOKUP(A31,RpmContracts!A:C,3,FALSE)),"") -> 2027 | AE31: =IF(VLOOKUP(A31,'20yPlan'!A:B,2,FALSE)="","",VLOOKUP(A31,'20yPlan'!A:B,2,FALSE)) | AF31: =IF(VLOOKUP(A31,'20yPlan'!A:C,3,FALSE)="","",VLOOKUP(A31,'20yPlan'!A:C,3,FALSE)) | AG31: =IF(VLOOKUP(A31,'20yPlan'!A:D,4,FALSE)="","",VLOOKUP(A31,'20yPlan'!A:D,4,FALSE)) | AH31: =IF(VLOOKUP(A31,'20yPlan'!A:E,5,FALSE)="","",VLOOKUP(A31,'20yPlan'!A:E,5,FALSE)) | AI31: =IF(VLOOKUP(A31,'20yPlan'!A:F,6,FALSE)="","",VLOOKUP(A31,'20yPlan'!A:F,6,FALSE)) | AJ31: =IF(AC31="","",_xlfn.CONCAT(AC31," ","Chip Seal")) | AK31: =IF(AD31="","",_xlfn.CONCAT(AD31," ","RPM Replacement")) -> 2027 RPM Replacement | AL31: =IFERROR(U31+W31,YEAR(TODAY())) -> 2026 | AM31: =IF(W31="",AD31,IF(AND(MIN(X31:AD31)<=(W31+V31),MIN(X31:AD31)>W31),MIN(X31:AD31),"")) -> 2027 | AN31: =IF(AM31=X31,AE31,IF(AM31=Y31,AF31,IF(AM31=AC31,AJ31,AK31))) -> 2027 RPM Replacement
A32: 60030 | B32: US 41 | C32: From 0.44 mi S. SR 58 to 0.47 mi N of SR 54 at RR | D32: 75.819746 | E32: 84.495275 | F32: 75 +0.856 | G32: 84 +0.570 | H32: 397884 | I32: B2 | J32: 17 | L32: 4 | M32: FLEX | N32: Is on the NHS | O32: Linton | P32: Sullivan Unit 3 | Q32: Sullivan | R32: 9801 | S32: 1503 | T32: N/A | U32: =IF($L32<=2, IF($R32<=RpmDesignStandard!$C$2,RpmDesignStandard!$D$2, IF(AND($R32>RpmDesignStandard!$B$3,$R32<=RpmDesignStandard!$C$3),RpmDesignStandard!$D$3,RpmDesignStandard!$D$4)), IF($R32<=RpmDesignStandard!$C$5, RpmDesignStandard!$D$5, IF(AND($R32>RpmDesignStandard!$B$6,$R32<=RpmDesignStandard!$C$6),RpmDesignStandard!$D$6, IF(AND($R32>RpmDesignStandard!$B$7,$R32<=RpmDesignStandard!$C$7),RpmDesignStandard!$D$7,RpmDesignStandard!$D$8)))) -> 4 | V32: =U32*RpmDesignStandard!$H$1 -> 8 | W32: =VLOOKUP(A32,RPM_ProjectRecord!A:AB,8,FALSE) | X32: =IFERROR(VALUE(LEFT(AE32,4)),"") | Y32: =IFERROR(VALUE(LEFT(AF32,4)),"") | Z32: =IFERROR(VALUE(LEFT(AG32,4)),"") | AA32: =IFERROR(VALUE(LEFT(AH32,4)),"") | AB32: =IFERROR(VALUE(LEFT(AI32,4)),"") | AC32: =IF(VLOOKUP(A32,'3rdPhaseChipSeal'!A:L,12,FALSE)="","",VLOOKUP(A32,'3rdPhaseChipSeal'!A:L,12,FALSE)) | AD32: =IFERROR(IF(VLOOKUP(A32,RpmContracts!A:C,3,FALSE)="","",VLOOKUP(A32,RpmContracts!A:C,3,FALSE)),"") -> 2027 | AE32: =IF(VLOOKUP(A32,'20yPlan'!A:B,2,FALSE)="","",VLOOKUP(A32,'20yPlan'!A:B,2,FALSE)) | AF32: =IF(VLOOKUP(A32,'20yPlan'!A:C,3,FALSE)="","",VLOOKUP(A32,'20yPlan'!A:C,3,FALSE)) | AG32: =IF(VLOOKUP(A32,'20yPlan'!A:D,4,FALSE)="","",VLOOKUP(A32,'20yPlan'!A:D,4,FALSE)) | AH32: =IF(VLOOKUP(A32,'20yPlan'!A:E,5,FALSE)="","",VLOOKUP(A32,'20yPlan'!A:E,5,FALSE)) | AI32: =IF(VLOOKUP(A32,'20yPlan'!A:F,6,FALSE)="","",VLOOKUP(A32,'20yPlan'!A:F,6,FALSE)) | AJ32: =IF(AC32="","",_xlfn.CONCAT(AC32," ","Chip Seal")) | AK32: =IF(AD32="","",_xlfn.CONCAT(AD32," ","RPM Replacement")) -> 2027 RPM Replacement | AL32: =IFERROR(U32+W32,YEAR(TODAY())) -> 2025 | AM32: =IF(W32="",AD32,IF(AND(MIN(X32:AD32)<=(W32+V32),MIN(X32:AD32)>W32),MIN(X32:AD32),"")) -> 2027 | AN32: =IF(AM32=X32,AE32,IF(AM32=Y32,AF32,IF(AM32=AC32,AJ32,AK32))) -> 2027 RPM Replacement
A33: 60031 | B33: US 41 | C33: From 0.47 mi N of SR 54 at RR to 1.64 miles S of SR 48 | D33: 84.495275 | E33: 90.74209 | F33: 84 +0.570 | G33: 90 +0.793 | H33: 292217 | I33: B2 | J33: 9 | L33: 4 | M33: FLEX | N33: Is on the NHS | O33: Linton | P33: Sullivan Unit 3 | Q33: Sullivan | R33: 12706 | S33: 1948 | T33: N/A | U33: =IF($L33<=2, IF($R33<=RpmDesignStandard!$C$2,RpmDesignStandard!$D$2, IF(AND($R33>RpmDesignStandard!$B$3,$R33<=RpmDesignStandard!$C$3),RpmDesignStandard!$D$3,RpmDesignStandard!$D$4)), IF($R33<=RpmDesignStandard!$C$5, RpmDesignStandard!$D$5, IF(AND($R33>RpmDesignStandard!$B$6,$R33<=RpmDesignStandard!$C$6),RpmDesignStandard!$D$6, IF(AND($R33>RpmDesignStandard!$B$7,$R33<=RpmDesignStandard!$C$7),RpmDesignStandard!$D$7,RpmDesignStandard!$D$8)))) -> 3 | V33: =U33*RpmDesignStandard!$H$1 -> 6 | W33: =VLOOKUP(A33,RPM_ProjectRecord!A:AB,8,FALSE) | X33: =IFERROR(VALUE(LEFT(AE33,4)),"") | Y33: =IFERROR(VALUE(LEFT(AF33,4)),"") | Z33: =IFERROR(VALUE(LEFT(AG33,4)),"") | AA33: =IFERROR(VALUE(LEFT(AH33,4)),"") | AB33: =IFERROR(VALUE(LEFT(AI33,4)),"") | AC33: =IF(VLOOKUP(A33,'3rdPhaseChipSeal'!A:L,12,FALSE)="","",VLOOKUP(A33,'3rdPhaseChipSeal'!A:L,12,FALSE)) | AD33: =IFERROR(IF(VLOOKUP(A33,RpmContracts!A:C,3,FALSE)="","",VLOOKUP(A33,RpmContracts!A:C,3,FALSE)),"") -> 2027 | AE33: =IF(VLOOKUP(A33,'20yPlan'!A:B,2,FALSE)="","",VLOOKUP(A33,'20yPlan'!A:B,2,FALSE)) | AF33: =IF(VLOOKUP(A33,'20yPlan'!A:C,3,FALSE)="","",VLOOKUP(A33,'20yPlan'!A:C,3,FALSE)) | AG33: =IF(VLOOKUP(A33,'20yPlan'!A:D,4,FALSE)="","",VLOOKUP(A33,'20yPlan'!A:D,4,FALSE)) | AH33: =IF(VLOOKUP(A33,'20yPlan'!A:E,5,FALSE)="","",VLOOKUP(A33,'20yPlan'!A:E,5,FALSE)) | AI33: =IF(VLOOKUP(A33,'20yPlan'!A:F,6,FALSE)="","",VLOOKUP(A33,'20yPlan'!A:F,6,FALSE)) | AJ33: =IF(AC33="","",_xlfn.CONCAT(AC33," ","Chip Seal")) | AK33: =IF(AD33="","",_xlfn.CONCAT(AD33," ","RPM Replacement")) -> 2027 RPM Replacement | AL33: =IFERROR(U33+W33,YEAR(TODAY())) -> 2025 | AM33: =IF(W33="",AD33,IF(AND(MIN(X33:AD33)<=(W33+V33),MIN(X33:AD33)>W33),MIN(X33:AD33),"")) -> 2027 | AN33: =IF(AM33=X33,AE33,IF(AM33=Y33,AF33,IF(AM33=AC33,AJ33,AK33))) -> 2027 RPM Replacement
A34: 60032 | B34: US 41 | C34: From 1.64 miles S of SR 48 to SR 246 | D34: 90.74209 | E34: 98.53665 | F34: 90 +0.793 | G34: 98 +0.616 | H34: 364439 | I34: B2 | J34: 5 | L34: 4 | M34: FLEX | N34: Is on the NHS | O34: Linton | P34: Sullivan Unit 3 | Q34: Sullivan,Vigo | R34: 15749 | S34: 2415 | T34: N/A | U34: =IF($L34<=2, IF($R34<=RpmDesignStandard!$C$2,RpmDesignStandard!$D$2, IF(AND($R34>RpmDesignStandard!$B$3,$R34<=RpmDesignStandard!$C$3),RpmDesignStandard!$D$3,RpmDesignStandard!$D$4)), IF($R34<=RpmDesignStandard!$C$5, RpmDesignStandard!$D$5, IF(AND($R34>RpmDesignStandard!$B$6,$R34<=RpmDesignStandard!$C$6),RpmDesignStandard!$D$6, IF(AND($R34>RpmDesignStandard!$B$7,$R34<=RpmDesignStandard!$C$7),RpmDesignStandard!$D$7,RpmDesignStandard!$D$8)))) -> 3 | V34: =U34*RpmDesignStandard!$H$1 -> 6 | W34: =VLOOKUP(A34,RPM_ProjectRecord!A:AB,8,FALSE) | X34: =IFERROR(VALUE(LEFT(AE34,4)),"") | Y34: =IFERROR(VALUE(LEFT(AF34,4)),"") | Z34: =IFERROR(VALUE(LEFT(AG34,4)),"") | AA34: =IFERROR(VALUE(LEFT(AH34,4)),"") | AB34: =IFERROR(VALUE(LEFT(AI34,4)),"") | AC34: =IF(VLOOKUP(A34,'3rdPhaseChipSeal'!A:L,12,FALSE)="","",VLOOKUP(A34,'3rdPhaseChipSeal'!A:L,12,FALSE)) | AD34: =IFERROR(IF(VLOOKUP(A34,RpmContracts!A:C,3,FALSE)="","",VLOOKUP(A34,RpmContracts!A:C,3,FALSE)),"") -> 2027 | AE34: =IF(VLOOKUP(A34,'20yPlan'!A:B,2,FALSE)="","",VLOOKUP(A34,'20yPlan'!A:B,2,FALSE)) | AF34: =IF(VLOOKUP(A34,'20yPlan'!A:C,3,FALSE)="","",VLOOKUP(A34,'20yPlan'!A:C,3,FALSE)) | AG34: =IF(VLOOKUP(A34,'20yPlan'!A:D,4,FALSE)="","",VLOOKUP(A34,'20yPlan'!A:D,4,FALSE)) | AH34: =IF(VLOOKUP(A34,'20yPlan'!A:E,5,FALSE)="","",VLOOKUP(A34,'20yPlan'!A:E,5,FALSE)) | AI34: =IF(VLOOKUP(A34,'20yPlan'!A:F,6,FALSE)="","",VLOOKUP(A34,'20yPlan'!A:F,6,FALSE)) | AJ34: =IF(AC34="","",_xlfn.CONCAT(AC34," ","Chip Seal")) | AK34: =IF(AD34="","",_xlfn.CONCAT(AD34," ","RPM Replacement")) -> 2027 RPM Replacement | AL34: =IFERROR(U34+W34,YEAR(TODAY())) -> 2025 | AM34: =IF(W34="",AD34,IF(AND(MIN(X34:AD34)<=(W34+V34),MIN(X34:AD34)>W34),MIN(X34:AD34),"")) -> 2027 | AN34: =IF(AM34=X34,AE34,IF(AM34=Y34,AF34,IF(AM34=AC34,AJ34,AK34))) -> 2027 RPM Replacement
A35: 60033 | B35: US 50 | C35: From IL/IN State Line to US 41/6th St | D35: 0 | E35: 1.862243 | F35: 0 +0.000 | G35: 1 +0.844 | H35: 87060 | I35: B2 | J35: 1 | L35: 4 | M35: FLEX | N35: Is on the NHS | O35: Vincennes | P35: Vincennes Unit 2 | Q35: Knox | R35: 6107 | S35: 1020 | T35: N/A | U35: =IF($L35<=2, IF($R35<=RpmDesignStandard!$C$2,RpmDesignStandard!$D$2, IF(AND($R35>RpmDesignStandard!$B$3,$R35<=RpmDesignStandard!$C$3),RpmDesignStandard!$D$3,RpmDesignStandard!$D$4)), IF($R35<=RpmDesignStandard!$C$5, RpmDesignStandard!$D$5, IF(AND($R35>RpmDesignStandard!$B$6,$R35<=RpmDesignStandard!$C$6),RpmDesignStandard!$D$6, IF(AND($R35>RpmDesignStandard!$B$7,$R35<=RpmDesignStandard!$C$7),RpmDesignStandard!$D$7,RpmDesignStandard!$D$8)))) -> 4 | V35: =U35*RpmDesignStandard!$H$1 -> 8 | W35: =VLOOKUP(A35,RPM_ProjectRecord!A:AB,8,FALSE) -> 2022 | X35: =IFERROR(VALUE(LEFT(AE35,4)),"") | Y35: =IFERROR(VALUE(LEFT(AF35,4)),"") | Z35: =IFERROR(VALUE(LEFT(AG35,4)),"") | AA35: =IFERROR(VALUE(LEFT(AH35,4)),"") | AB35: =IFERROR(VALUE(LEFT(AI35,4)),"") | AC35: =IF(VLOOKUP(A35,'3rdPhaseChipSeal'!A:L,12,FALSE)="","",VLOOKUP(A35,'3rdPhaseChipSeal'!A:L,12,FALSE)) | AD35: =IFERROR(IF(VLOOKUP(A35,RpmContracts!A:C,3,FALSE)="","",VLOOKUP(A35,RpmContracts!A:C,3,FALSE)),"") | AE35: =IF(VLOOKUP(A35,'20yPlan'!A:B,2,FALSE)="","",VLOOKUP(A35,'20yPlan'!A:B,2,FALSE)) | AF35: =IF(VLOOKUP(A35,'20yPlan'!A:C,3,FALSE)="","",VLOOKUP(A35,'20yPlan'!A:C,3,FALSE)) | AG35: =IF(VLOOKUP(A35,'20yPlan'!A:D,4,FALSE)="","",VLOOKUP(A35,'20yPlan'!A:D,4,FALSE)) | AH35: =IF(VLOOKUP(A35,'20yPlan'!A:E,5,FALSE)="","",VLOOKUP(A35,'20yPlan'!A:E,5,FALSE)) | AI35: =IF(VLOOKUP(A35,'20yPlan'!A:F,6,FALSE)="","",VLOOKUP(A35,'20yPlan'!A:F,6,FALSE)) | AJ35: =IF(AC35="","",_xlfn.CONCAT(AC35," ","Chip Seal")) | AK35: =IF(AD35="","",_xlfn.CONCAT(AD35," ","RPM Replacement")) | AL35: =IFERROR(U35+W35,YEAR(TODAY())) -> 2026 | AM35: =IF(W35="",AD35,IF(AND(MIN(X35:AD35)<=(W35+V35),MIN(X35:AD35)>W35),MIN(X35:AD35),"")) | AN35: =IF(AM35=X35,AE35,IF(AM35=Y35,AF35,IF(AM35=AC35,AJ35,AK35)))
A36: 60034 | B36: US 50 | C36: From 4.47 E. of E. Jct. US 41 to W. Of White River Bridge | D36: 6.610016 | E36: 16.186454 | F36: 7 +0.462 | G36: 17 +0.168 | H36: 433802 | I36: B2 | J36: 13 | L36: 4 | M36: RIGID | N36: Is on the NHS | O36: Vincennes | P36: Oakland City Unit,Vincennes Unit 2 | Q36: Daviess,Knox | R36: 8395 | S36: 1413 | T36: N/A | U36: =IF($L36<=2, IF($R36<=RpmDesignStandard!$C$2,RpmDesignStandard!$D$2, IF(AND($R36>RpmDesignStandard!$B$3,$R36<=RpmDesignStandard!$C$3),RpmDesignStandard!$D$3,RpmDesignStandard!$D$4)), IF($R36<=RpmDesignStandard!$C$5, RpmDesignStandard!$D$5, IF(AND($R36>RpmDesignStandard!$B$6,$R36<=RpmDesignStandard!$C$6),RpmDesignStandard!$D$6, IF(AND($R36>RpmDesignStandard!$B$7,$R36<=RpmDesignStandard!$C$7),RpmDesignStandard!$D$7,RpmDesignStandard!$D$8)))) -> 4 | V36: =U36*RpmDesignStandard!$H$1 -> 8 | W36: =VLOOKUP(A36,RPM_ProjectRecord!A:AB,8,FALSE) | X36: =IFERROR(VALUE(LEFT(AE36,4)),"") | Y36: =IFERROR(VALUE(LEFT(AF36,4)),"") | Z36: =IFERROR(VALUE(LEFT(AG36,4)),"") | AA36: =IFERROR(VALUE(LEFT(AH36,4)),"") | AB36: =IFERROR(VALUE(LEFT(AI36,4)),"") | AC36: =IF(VLOOKUP(A36,'3rdPhaseChipSeal'!A:L,12,FALSE)="","",VLOOKUP(A36,'3rdPhaseChipSeal'!A:L,12,FALSE)) | AD36: =IFERROR(IF(VLOOKUP(A36,RpmContracts!A:C,3,FALSE)="","",VLOOKUP(A36,RpmContracts!A:C,3,FALSE)),"") -> 2027 | AE36: =IF(VLOOKUP(A36,'20yPlan'!A:B,2,FALSE)="","",VLOOKUP(A36,'20yPlan'!A:B,2,FALSE)) | AF36: =IF(VLOOKUP(A36,'20yPlan'!A:C,3,FALSE)="","",VLOOKUP(A36,'20yPlan'!A:C,3,FALSE)) | AG36: =IF(VLOOKUP(A36,'20yPlan'!A:D,4,FALSE)="","",VLOOKUP(A36,'20yPlan'!A:D,4,FALSE)) | AH36: =IF(VLOOKUP(A36,'20yPlan'!A:E,5,FALSE)="","",VLOOKUP(A36,'20yPlan'!A:E,5,FALSE)) | AI36: =IF(VLOOKUP(A36,'20yPlan'!A:F,6,FALSE)="","",VLOOKUP(A36,'20yPlan'!A:F,6,FALSE)) | AJ36: =IF(AC36="","",_xlfn.CONCAT(AC36," ","Chip Seal")) | AK36: =IF(AD36="","",_xlfn.CONCAT(AD36," ","RPM Replacement")) -> 2027 RPM Replacement | AL36: =IFERROR(U36+W36,YEAR(TODAY())) -> 2025 | AM36: =IF(W36="",AD36,IF(AND(MIN(X36:AD36)<=(W36+V36),MIN(X36:AD36)>W36),MIN(X36:AD36),"")) -> 2027 | AN36: =IF(AM36=X36,AE36,IF(AM36=Y36,AF36,IF(AM36=AC36,AJ36,AK36))) -> 2027 RPM Replacement
A37: 60035 | B37: US 50 | C37: From 0.40 mi E. I 69 to 1.79 mi S. of W. Jct. US 231 | D37: 24.117156 | E37: 34.053117 | F37: 24 +0.411 | G37: 34 +0.016 | H37: 187050 | I37: C1 | J37: 15 | L37: 2 | M37: FLEX | N37: Is on the NHS | O37: Vincennes | P37: Loogootee Unit | Q37: Daviess,Knox | R37: 7306 | S37: 2412 | T37: N/A | U37: =IF($L37<=2, IF($R37<=RpmDesignStandard!$C$2,RpmDesignStandard!$D$2, IF(AND($R37>RpmDesignStandard!$B$3,$R37<=RpmDesignStandard!$C$3),RpmDesignStandard!$D$3,RpmDesignStandard!$D$4)), IF($R37<=RpmDesignStandard!$C$5, RpmDesignStandard!$D$5, IF(AND($R37>RpmDesignStandard!$B$6,$R37<=RpmDesignStandard!$C$6),RpmDesignStandard!$D$6, IF(AND($R37>RpmDesignStandard!$B$7,$R37<=RpmDesignStandard!$C$7),RpmDesignStandard!$D$7,RpmDesignStandard!$D$8)))) -> 3 | V37: =U37*RpmDesignStandard!$H$1 -> 6 | W37: =VLOOKUP(A37,RPM_ProjectRecord!A:AB,8,FALSE) -> 2024 | X37: =IFERROR(VALUE(LEFT(AE37,4)),"") | Y37: =IFERROR(VALUE(LEFT(AF37,4)),"") | Z37: =IFERROR(VALUE(LEFT(AG37,4)),"") | AA37: =IFERROR(VALUE(LEFT(AH37,4)),"") | AB37: =IFERROR(VALUE(LEFT(AI37,4)),"") | AC37: =IF(VLOOKUP(A37,'3rdPhaseChipSeal'!A:L,12,FALSE)="","",VLOOKUP(A37,'3rdPhaseChipSeal'!A:L,12,FALSE)) | AD37: =IFERROR(IF(VLOOKUP(A37,RpmContracts!A:C,3,FALSE)="","",VLOOKUP(A37,RpmContracts!A:C,3,FALSE)),"") | AE37: =IF(VLOOKUP(A37,'20yPlan'!A:B,2,FALSE)="","",VLOOKUP(A37,'20yPlan'!A:B,2,FALSE)) | AF37: =IF(VLOOKUP(A37,'20yPlan'!A:C,3,FALSE)="","",VLOOKUP(A37,'20yPlan'!A:C,3,FALSE)) | AG37: =IF(VLOOKUP(A37,'20yPlan'!A:D,4,FALSE)="","",VLOOKUP(A37,'20yPlan'!A:D,4,FALSE)) | AH37: =IF(VLOOKUP(A37,'20yPlan'!A:E,5,FALSE)="","",VLOOKUP(A37,'20yPlan'!A:E,5,FALSE)) | AI37: =IF(VLOOKUP(A37,'20yPlan'!A:F,6,FALSE)="","",VLOOKUP(A37,'20yPlan'!A:F,6,FALSE)) | AJ37: =IF(AC37="","",_xlfn.CONCAT(AC37," ","Chip Seal")) | AK37: =IF(AD37="","",_xlfn.CONCAT(AD37," ","RPM Replacement")) | AL37: =IFERROR(U37+W37,YEAR(TODAY())) -> 2027 | AM37: =IF(W37="",AD37,IF(AND(MIN(X37:AD37)<=(W37+V37),MIN(X37:AD37)>W37),MIN(X37:AD37),"")) | AN37: =IF(AM37=X37,AE37,IF(AM37=Y37,AF37,IF(AM37=AC37,AJ37,AK37)))
A38: 60036 | B38: US 50 | C38: From 0.25 mi. E. SR 550 to SR 450 | D38: 36.13199 | E38: 41.759034 | F38: 36 +0.168 | G38: 41 +0.714 | H38: 119450 | I38: C1 | J38: 4 | L38: 2 | M38: FLEX | N38: Is on the NHS | O38: Paoli,Vincennes | P38: Loogootee Unit,Paoli Unit 1 | Q38: Martin | R38: 5511 | S38: 961 | T38: N/A | U38: =IF($L38<=2, IF($R38<=RpmDesignStandard!$C$2,RpmDesignStandard!$D$2, IF(AND($R38>RpmDesignStandard!$B$3,$R38<=RpmDesignStandard!$C$3),RpmDesignStandard!$D$3,RpmDesignStandard!$D$4)), IF($R38<=RpmDesignStandard!$C$5, RpmDesignStandard!$D$5, IF(AND($R38>RpmDesignStandard!$B$6,$R38<=RpmDesignStandard!$C$6),RpmDesignStandard!$D$6, IF(AND($R38>RpmDesignStandard!$B$7,$R38<=RpmDesignStandard!$C$7),RpmDesignStandard!$D$7,RpmDesignStandard!$D$8)))) -> 4 | V38: =U38*RpmDesignStandard!$H$1 -> 8 | W38: =VLOOKUP(A38,RPM_ProjectRecord!A:AB,8,FALSE) | X38: =IFERROR(VALUE(LEFT(AE38,4)),"") | Y38: =IFERROR(VALUE(LEFT(AF38,4)),"") | Z38: =IFERROR(VALUE(LEFT(AG38,4)),"") | AA38: =IFERROR(VALUE(LEFT(AH38,4)),"") | AB38: =IFERROR(VALUE(LEFT(AI38,4)),"") | AC38: =IF(VLOOKUP(A38,'3rdPhaseChipSeal'!A:L,12,FALSE)="","",VLOOKUP(A38,'3rdPhaseChipSeal'!A:L,12,FALSE)) | AD38: =IFERROR(IF(VLOOKUP(A38,RpmContracts!A:C,3,FALSE)="","",VLOOKUP(A38,RpmContracts!A:C,3,FALSE)),"") | AE38: =IF(VLOOKUP(A38,'20yPlan'!A:B,2,FALSE)="","",VLOOKUP(A38,'20yPlan'!A:B,2,FALSE)) | AF38: =IF(VLOOKUP(A38,'20yPlan'!A:C,3,FALSE)="","",VLOOKUP(A38,'20yPlan'!A:C,3,FALSE)) | AG38: =IF(VLOOKUP(A38,'20yPlan'!A:D,4,FALSE)="","",VLOOKUP(A38,'20yPlan'!A:D,4,FALSE)) | AH38: =IF(VLOOKUP(A38,'20yPlan'!A:E,5,FALSE)="","",VLOOKUP(A38,'20yPlan'!A:E,5,FALSE)) | AI38: =IF(VLOOKUP(A38,'20yPlan'!A:F,6,FALSE)="","",VLOOKUP(A38,'20yPlan'!A:F,6,FALSE)) | AJ38: =IF(AC38="","",_xlfn.CONCAT(AC38," ","Chip Seal")) | AK38: =IF(AD38="","",_xlfn.CONCAT(AD38," ","RPM Replacement")) | AL38: =IFERROR(U38+W38,YEAR(TODAY())) -> 2025 | AM38: =IF(W38="",AD38,IF(AND(MIN(X38:AD38)<=(W38+V38),MIN(X38:AD38)>W38),MIN(X38:AD38),"")) | AN38: =IF(AM38=X38,AE38,IF(AM38=Y38,AF38,IF(AM38=AC38,AJ38,AK38)))
A39: 60038 | B39: US 50 | C39: From SR 60 to S. Jct. SR 37 | D39: 53.424868 | E39: 63.194685 | F39: 53 +0.372 | G39: 63 +0.114 | H39: 183460 | I39: C2 | J39: 3 | K39: 2029 | L39: 2 | M39: FLEX | N39: Is on the NHS | O39: Paoli | P39: Bedford Unit 3,Paoli Unit 1 | Q39: Lawrence | R39: 3199 | S39: 959 | T39: N/A | U39: =IF($L39<=2, IF($R39<=RpmDesignStandard!$C$2,RpmDesignStandard!$D$2, IF(AND($R39>RpmDesignStandard!$B$3,$R39<=RpmDesignStandard!$C$3),RpmDesignStandard!$D$3,RpmDesignStandard!$D$4)), IF($R39<=RpmDesignStandard!$C$5, RpmDesignStandard!$D$5, IF(AND($R39>RpmDesignStandard!$B$6,$R39<=RpmDesignStandard!$C$6),RpmDesignStandard!$D$6, IF(AND($R39>RpmDesignStandard!$B$7,$R39<=RpmDesignStandard!$C$7),RpmDesignStandard!$D$7,RpmDesignStandard!$D$8)))) -> 4 | V39: =U39*RpmDesignStandard!$H$1 -> 8 | W39: =VLOOKUP(A39,RPM_ProjectRecord!A:AB,8,FALSE) | X39: =IFERROR(VALUE(LEFT(AE39,4)),"") | Y39: =IFERROR(VALUE(LEFT(AF39,4)),"") | Z39: =IFERROR(VALUE(LEFT(AG39,4)),"") | AA39: =IFERROR(VALUE(LEFT(AH39,4)),"") | AB39: =IFERROR(VALUE(LEFT(AI39,4)),"") | AC39: =IF(VLOOKUP(A39,'3rdPhaseChipSeal'!A:L,12,FALSE)="","",VLOOKUP(A39,'3rdPhaseChipSeal'!A:L,12,FALSE)) -> 2043 | AD39: =IFERROR(IF(VLOOKUP(A39,RpmContracts!A:C,3,FALSE)="","",VLOOKUP(A39,RpmContracts!A:C,3,FALSE)),"") -> 2026 | AE39: =IF(VLOOKUP(A39,'20yPlan'!A:B,2,FALSE)="","",VLOOKUP(A39,'20yPlan'!A:B,2,FALSE)) | AF39: =IF(VLOOKUP(A39,'20yPlan'!A:C,3,FALSE)="","",VLOOKUP(A39,'20yPlan'!A:C,3,FALSE)) | AG39: =IF(VLOOKUP(A39,'20yPlan'!A:D,4,FALSE)="","",VLOOKUP(A39,'20yPlan'!A:D,4,FALSE)) | AH39: =IF(VLOOKUP(A39,'20yPlan'!A:E,5,FALSE)="","",VLOOKUP(A39,'20yPlan'!A:E,5,FALSE)) | AI39: =IF(VLOOKUP(A39,'20yPlan'!A:F,6,FALSE)="","",VLOOKUP(A39,'20yPlan'!A:F,6,FALSE)) | AJ39: =IF(AC39="","",_xlfn.CONCAT(AC39," ","Chip Seal")) -> 2043 Chip Seal | AK39: =IF(AD39="","",_xlfn.CONCAT(AD39," ","RPM Replacement")) -> 2026 RPM Replacement | AL39: =IFERROR(U39+W39,YEAR(TODAY())) -> 2025 | AM39: =IF(W39="",AD39,IF(AND(MIN(X39:AD39)<=(W39+V39),MIN(X39:AD39)>W39),MIN(X39:AD39),"")) -> 2026 | AN39: =IF(AM39=X39,AE39,IF(AM39=Y39,AF39,IF(AM39=AC39,AJ39,AK39))) -> 2026 RPM Replacement
A40: 60039 | B40: US 50 | C40: From S. Jct. SR 37 to N. Jct. SR 37 | D40: 63.194685 | E40: 67.112833 | F40: 63 +0.114 | G40: 66 +1.006 | H40: 177921 | I40: B2 | J40: 5 | L40: 4 | M40: FLEX | N40: Is on the NHS | O40: Paoli | P40: Bedford Unit 3 | Q40: Lawrence | R40: 20057 | S40: 6012 | T40: N/A | U40: =IF($L40<=2, IF($R40<=RpmDesignStandard!$C$2,RpmDesignStandard!$D$2, IF(AND($R40>RpmDesignStandard!$B$3,$R40<=RpmDesignStandard!$C$3),RpmDesignStandard!$D$3,RpmDesignStandard!$D$4)), IF($R40<=RpmDesignStandard!$C$5, RpmDesignStandard!$D$5, IF(AND($R40>RpmDesignStandard!$B$6,$R40<=RpmDesignStandard!$C$6),RpmDesignStandard!$D$6, IF(AND($R40>RpmDesignStandard!$B$7,$R40<=RpmDesignStandard!$C$7),RpmDesignStandard!$D$7,RpmDesignStandard!$D$8)))) -> 3 | V40: =U40*RpmDesignStandard!$H$1 -> 6 | W40: =VLOOKUP(A40,RPM_ProjectRecord!A:AB,8,FALSE) -> 2024 | X40: =IFERROR(VALUE(LEFT(AE40,4)),"") | Y40: =IFERROR(VALUE(LEFT(AF40,4)),"") | Z40: =IFERROR(VALUE(LEFT(AG40,4)),"") | AA40: =IFERROR(VALUE(LEFT(AH40,4)),"") | AB40: =IFERROR(VALUE(LEFT(AI40,4)),"") | AC40: =IF(VLOOKUP(A40,'3rdPhaseChipSeal'!A:L,12,FALSE)="","",VLOOKUP(A40,'3rdPhaseChipSeal'!A:L,12,FALSE)) | AD40: =IFERROR(IF(VLOOKUP(A40,RpmContracts!A:C,3,FALSE)="","",VLOOKUP(A40,RpmContracts!A:C,3,FALSE)),"") | AE40: =IF(VLOOKUP(A40,'20yPlan'!A:B,2,FALSE)="","",VLOOKUP(A40,'20yPlan'!A:B,2,FALSE)) | AF40: =IF(VLOOKUP(A40,'20yPlan'!A:C,3,FALSE)="","",VLOOKUP(A40,'20yPlan'!A:C,3,FALSE)) | AG40: =IF(VLOOKUP(A40,'20yPlan'!A:D,4,FALSE)="","",VLOOKUP(A40,'20yPlan'!A:D,4,FALSE)) | AH40: =IF(VLOOKUP(A40,'20yPlan'!A:E,5,FALSE)="","",VLOOKUP(A40,'20yPlan'!A:E,5,FALSE)) | AI40: =IF(VLOOKUP(A40,'20yPlan'!A:F,6,FALSE)="","",VLOOKUP(A40,'20yPlan'!A:F,6,FALSE)) | AJ40: =IF(AC40="","",_xlfn.CONCAT(AC40," ","Chip Seal")) | AK40: =IF(AD40="","",_xlfn.CONCAT(AD40," ","RPM Replacement")) | AL40: =IFERROR(U40+W40,YEAR(TODAY())) -> 2027 | AM40: =IF(W40="",AD40,IF(AND(MIN(X40:AD40)<=(W40+V40),MIN(X40:AD40)>W40),MIN(X40:AD40),"")) | AN40: =IF(AM40=X40,AE40,IF(AM40=Y40,AF40,IF(AM40=AC40,AJ40,AK40)))
A41: 60040 | B41: US 50 | C41: From SR-37 N Jct to 3.33 mi East of SR 37 (West of Leatherwood Rd. Intersection) | D41: 67.112833 | E41: 70.43674 | F41: 66 +1.006 | G41: 68 +0.618 | H41: 85357 | I41: B2 | J41: 14 | L41: 4 | M41: FLEX | N41: Is on the NHS | O41: Paoli | P41: Bedford Unit 3 | Q41: Lawrence | R41: 12486 | S41: 1281 | T41: N/A | U41: =IF($L41<=2, IF($R41<=RpmDesignStandard!$C$2,RpmDesignStandard!$D$2, IF(AND($R41>RpmDesignStandard!$B$3,$R41<=RpmDesignStandard!$C$3),RpmDesignStandard!$D$3,RpmDesignStandard!$D$4)), IF($R41<=RpmDesignStandard!$C$5, RpmDesignStandard!$D$5, IF(AND($R41>RpmDesignStandard!$B$6,$R41<=RpmDesignStandard!$C$6),RpmDesignStandard!$D$6, IF(AND($R41>RpmDesignStandard!$B$7,$R41<=RpmDesignStandard!$C$7),RpmDesignStandard!$D$7,RpmDesignStandard!$D$8)))) -> 3 | V41: =U41*RpmDesignStandard!$H$1 -> 6 | W41: =VLOOKUP(A41,RPM_ProjectRecord!A:AB,8,FALSE) -> 2024 | X41: =IFERROR(VALUE(LEFT(AE41,4)),"") -> 2039 | Y41: =IFERROR(VALUE(LEFT(AF41,4)),"") | Z41: =IFERROR(VALUE(LEFT(AG41,4)),"") | AA41: =IFERROR(VALUE(LEFT(AH41,4)),"") | AB41: =IFERROR(VALUE(LEFT(AI41,4)),"") | AC41: =IF(VLOOKUP(A41,'3rdPhaseChipSeal'!A:L,12,FALSE)="","",VLOOKUP(A41,'3rdPhaseChipSeal'!A:L,12,FALSE)) | AD41: =IFERROR(IF(VLOOKUP(A41,RpmContracts!A:C,3,FALSE)="","",VLOOKUP(A41,RpmContracts!A:C,3,FALSE)),"") | AE41: =IF(VLOOKUP(A41,'20yPlan'!A:B,2,FALSE)="","",VLOOKUP(A41,'20yPlan'!A:B,2,FALSE)) -> 2039 Preventive Maintenance | AF41: =IF(VLOOKUP(A41,'20yPlan'!A:C,3,FALSE)="","",VLOOKUP(A41,'20yPlan'!A:C,3,FALSE)) | AG41: =IF(VLOOKUP(A41,'20yPlan'!A:D,4,FALSE)="","",VLOOKUP(A41,'20yPlan'!A:D,4,FALSE)) | AH41: =IF(VLOOKUP(A41,'20yPlan'!A:E,5,FALSE)="","",VLOOKUP(A41,'20yPlan'!A:E,5,FALSE)) | AI41: =IF(VLOOKUP(A41,'20yPlan'!A:F,6,FALSE)="","",VLOOKUP(A41,'20yPlan'!A:F,6,FALSE)) | AJ41: =IF(AC41="","",_xlfn.CONCAT(AC41," ","Chip Seal")) | AK41: =IF(AD41="","",_xlfn.CONCAT(AD41," ","RPM Replacement")) | AL41: =IFERROR(U41+W41,YEAR(TODAY())) -> 2027 | AM41: =IF(W41="",AD41,IF(AND(MIN(X41:AD41)<=(W41+V41),MIN(X41:AD41)>W41),MIN(X41:AD41),"")) | AN41: =IF(AM41=X41,AE41,IF(AM41=Y41,AF41,IF(AM41=AC41,AJ41,AK41)))
A42: 60041 | B42: US 50 | C42: From 3.33 mi East of SR 37 (West of Leatherwood Rd. Intersection) to to SR 446 (District Line) | D42: 70.43674 | E42: 77.113115 | F42: 68 +0.618 | G42: 75 +0.445 | H42: 134922 | I42: C1 | J42: 13 | K42: 2026 | L42: 2 | M42: FLEX | N42: Is on the NHS | O42: Paoli | P42: Bedford Unit 3 | Q42: Lawrence | R42: 6037 | S42: 165 | T42: N/A | U42: =IF($L42<=2, IF($R42<=RpmDesignStandard!$C$2,RpmDesignStandard!$D$2, IF(AND($R42>RpmDesignStandard!$B$3,$R42<=RpmDesignStandard!$C$3),RpmDesignStandard!$D$3,RpmDesignStandard!$D$4)), IF($R42<=RpmDesignStandard!$C$5, RpmDesignStandard!$D$5, IF(AND($R42>RpmDesignStandard!$B$6,$R42<=RpmDesignStandard!$C$6),RpmDesignStandard!$D$6, IF(AND($R42>RpmDesignStandard!$B$7,$R42<=RpmDesignStandard!$C$7),RpmDesignStandard!$D$7,RpmDesignStandard!$D$8)))) -> 3 | V42: =U42*RpmDesignStandard!$H$1 -> 6 | W42: =VLOOKUP(A42,RPM_ProjectRecord!A:AB,8,FALSE) | X42: =IFERROR(VALUE(LEFT(AE42,4)),"") | Y42: =IFERROR(VALUE(LEFT(AF42,4)),"") | Z42: =IFERROR(VALUE(LEFT(AG42,4)),"") | AA42: =IFERROR(VALUE(LEFT(AH42,4)),"") | AB42: =IFERROR(VALUE(LEFT(AI42,4)),"") | AC42: =IF(VLOOKUP(A42,'3rdPhaseChipSeal'!A:L,12,FALSE)="","",VLOOKUP(A42,'3rdPhaseChipSeal'!A:L,12,FALSE)) | AD42: =IFERROR(IF(VLOOKUP(A42,RpmContracts!A:C,3,FALSE)="","",VLOOKUP(A42,RpmContracts!A:C,3,FALSE)),"") | AE42: =IF(VLOOKUP(A42,'20yPlan'!A:B,2,FALSE)="","",VLOOKUP(A42,'20yPlan'!A:B,2,FALSE)) | AF42: =IF(VLOOKUP(A42,'20yPlan'!A:C,3,FALSE)="","",VLOOKUP(A42,'20yPlan'!A:C,3,FALSE)) | AG42: =IF(VLOOKUP(A42,'20yPlan'!A:D,4,FALSE)="","",VLOOKUP(A42,'20yPlan'!A:D,4,FALSE)) | AH42: =IF(VLOOKUP(A42,'20yPlan'!A:E,5,FALSE)="","",VLOOKUP(A42,'20yPlan'!A:E,5,FALSE)) | AI42: =IF(VLOOKUP(A42,'20yPlan'!A:F,6,FALSE)="","",VLOOKUP(A42,'20yPlan'!A:F,6,FALSE)) | AJ42: =IF(AC42="","",_xlfn.CONCAT(AC42," ","Chip Seal")) | AK42: =IF(AD42="","",_xlfn.CONCAT(AD42," ","RPM Replacement")) | AL42: =IFERROR(U42+W42,YEAR(TODAY())) -> 2025 | AM42: =IF(W42="",AD42,IF(AND(MIN(X42:AD42)<=(W42+V42),MIN(X42:AD42)>W42),MIN(X42:AD42),"")) | AN42: =IF(AM42=X42,AE42,IF(AM42=Y42,AF42,IF(AM42=AC42,AJ42,AK42)))
A43: 60042 | B43: US 231 | C43: From SR 70 to 3.65 mi S. SR 162 | D43: 7.122022 | E43: 12.231485 | F43: 19 +0.689 | G43: 24 +0.773 | H43: 134818 | I43: B2 | J43: 13 | K43: 2032 | L43: 4 | M43: FLEX | N43: Is on the NHS | O43: Tell City | P43: Chrisney Unit 5 | Q43: Spencer,Warrick | R43: 4883 | S43: 2027 | T43: N/A | U43: =IF($L43<=2, IF($R43<=RpmDesignStandard!$C$2,RpmDesignStandard!$D$2, IF(AND($R43>RpmDesignStandard!$B$3,$R43<=RpmDesignStandard!$C$3),RpmDesignStandard!$D$3,RpmDesignStandard!$D$4)), IF($R43<=RpmDesignStandard!$C$5, RpmDesignStandard!$D$5, IF(AND($R43>RpmDesignStandard!$B$6,$R43<=RpmDesignStandard!$C$6),RpmDesignStandard!$D$6, IF(AND($R43>RpmDesignStandard!$B$7,$R43<=RpmDesignStandard!$C$7),RpmDesignStandard!$D$7,RpmDesignStandard!$D$8)))) -> 4 | V43: =U43*RpmDesignStandard!$H$1 -> 8 | W43: =VLOOKUP(A43,RPM_ProjectRecord!A:AB,8,FALSE) | X43: =IFERROR(VALUE(LEFT(AE43,4)),"") -> 2032 | Y43: =IFERROR(VALUE(LEFT(AF43,4)),"") | Z43: =IFERROR(VALUE(LEFT(AG43,4)),"") | AA43: =IFERROR(VALUE(LEFT(AH43,4)),"") | AB43: =IFERROR(VALUE(LEFT(AI43,4)),"") | AC43: =IF(VLOOKUP(A43,'3rdPhaseChipSeal'!A:L,12,FALSE)="","",VLOOKUP(A43,'3rdPhaseChipSeal'!A:L,12,FALSE)) | AD43: =IFERROR(IF(VLOOKUP(A43,RpmContracts!A:C,3,FALSE)="","",VLOOKUP(A43,RpmContracts!A:C,3,FALSE)),"") -> 2026 | AE43: =IF(VLOOKUP(A43,'20yPlan'!A:B,2,FALSE)="","",VLOOKUP(A43,'20yPlan'!A:B,2,FALSE)) -> 2032 Preventive Maintenance | AF43: =IF(VLOOKUP(A43,'20yPlan'!A:C,3,FALSE)="","",VLOOKUP(A43,'20yPlan'!A:C,3,FALSE)) | AG43: =IF(VLOOKUP(A43,'20yPlan'!A:D,4,FALSE)="","",VLOOKUP(A43,'20yPlan'!A:D,4,FALSE)) | AH43: =IF(VLOOKUP(A43,'20yPlan'!A:E,5,FALSE)="","",VLOOKUP(A43,'20yPlan'!A:E,5,FALSE)) | AI43: =IF(VLOOKUP(A43,'20yPlan'!A:F,6,FALSE)="","",VLOOKUP(A43,'20yPlan'!A:F,6,FALSE)) | AJ43: =IF(AC43="","",_xlfn.CONCAT(AC43," ","Chip Seal")) | AK43: =IF(AD43="","",_xlfn.CONCAT(AD43," ","RPM Replacement")) -> 2026 RPM Replacement | AL43: =IFERROR(U43+W43,YEAR(TODAY())) -> 2025 | AM43: =IF(W43="",AD43,IF(AND(MIN(X43:AD43)<=(W43+V43),MIN(X43:AD43)>W43),MIN(X43:AD43),"")) -> 2026 | AN43: =IF(AM43=X43,AE43,IF(AM43=Y43,AF43,IF(AM43=AC43,AJ43,AK43))) -> 2026 RPM Replacement
A44: 60043 | B44: US 231 | C44: From 3.65 mi S. SR 162 to 0.95 mi N. I 64 | D44: 12.231485 | E44: 22.695598 | F44: 24 +0.773 | G44: 35 +0.305 | H44: 485369 | I44: B2 | J44: 13 | L44: 4 | M44: RIGID | N44: Is on the NHS | O44: Tell City | P44: Chrisney Unit 5,Dale Unit 4 | Q44: Dubois,Spencer | R44: 6124 | S44: 2283 | T44: N/A | U44: =IF($L44<=2, IF($R44<=RpmDesignStandard!$C$2,RpmDesignStandard!$D$2, IF(AND($R44>RpmDesignStandard!$B$3,$R44<=RpmDesignStandard!$C$3),RpmDesignStandard!$D$3,RpmDesignStandard!$D$4)), IF($R44<=RpmDesignStandard!$C$5, RpmDesignStandard!$D$5, IF(AND($R44>RpmDesignStandard!$B$6,$R44<=RpmDesignStandard!$C$6),RpmDesignStandard!$D$6, IF(AND($R44>RpmDesignStandard!$B$7,$R44<=RpmDesignStandard!$C$7),RpmDesignStandard!$D$7,RpmDesignStandard!$D$8)))) -> 4 | V44: =U44*RpmDesignStandard!$H$1 -> 8 | W44: =VLOOKUP(A44,RPM_ProjectRecord!A:AB,8,FALSE) | X44: =IFERROR(VALUE(LEFT(AE44,4)),"") | Y44: =IFERROR(VALUE(LEFT(AF44,4)),"") | Z44: =IFERROR(VALUE(LEFT(AG44,4)),"") | AA44: =IFERROR(VALUE(LEFT(AH44,4)),"") | AB44: =IFERROR(VALUE(LEFT(AI44,4)),"") | AC44: =IF(VLOOKUP(A44,'3rdPhaseChipSeal'!A:L,12,FALSE)="","",VLOOKUP(A44,'3rdPhaseChipSeal'!A:L,12,FALSE)) | AD44: =IFERROR(IF(VLOOKUP(A44,RpmContracts!A:C,3,FALSE)="","",VLOOKUP(A44,RpmContracts!A:C,3,FALSE)),"") -> 2026 | AE44: =IF(VLOOKUP(A44,'20yPlan'!A:B,2,FALSE)="","",VLOOKUP(A44,'20yPlan'!A:B,2,FALSE)) | AF44: =IF(VLOOKUP(A44,'20yPlan'!A:C,3,FALSE)="","",VLOOKUP(A44,'20yPlan'!A:C,3,FALSE)) | AG44: =IF(VLOOKUP(A44,'20yPlan'!A:D,4,FALSE)="","",VLOOKUP(A44,'20yPlan'!A:D,4,FALSE)) | AH44: =IF(VLOOKUP(A44,'20yPlan'!A:E,5,FALSE)="","",VLOOKUP(A44,'20yPlan'!A:E,5,FALSE)) | AI44: =IF(VLOOKUP(A44,'20yPlan'!A:F,6,FALSE)="","",VLOOKUP(A44,'20yPlan'!A:F,6,FALSE)) | AJ44: =IF(AC44="","",_xlfn.CONCAT(AC44," ","Chip Seal")) | AK44: =IF(AD44="","",_xlfn.CONCAT(AD44," ","RPM Replacement")) -> 2026 RPM Replacement | AL44: =IFERROR(U44+W44,YEAR(TODAY())) -> 2025 | AM44: =IF(W44="",AD44,IF(AND(MIN(X44:AD44)<=(W44+V44),MIN(X44:AD44)>W44),MIN(X44:AD44),"")) -> 2026 | AN44: =IF(AM44=X44,AE44,IF(AM44=Y44,AF44,IF(AM44=AC44,AJ44,AK44))) -> 2026 RPM Replacement
A45: 60044 | B45: US 231 | C45: From 0.95 miles N of I-64 to 1.64 miles S of SR-64 | D45: 22.695598 | E45: 27.640573 | F45: 35 +0.305 | G45: 40 +0.250 | H45: 95570 | I45: C1 | J45: 6 | L45: 2 | M45: FLEX | N45: Is on the NHS | O45: Paoli,Tell City | P45: Dale Unit 4,Jasper Unit 4 | Q45: Dubois | R45: 7316 | S45: 938 | T45: N/A | U45: =IF($L45<=2, IF($R45<=RpmDesignStandard!$C$2,RpmDesignStandard!$D$2, IF(AND($R45>RpmDesignStandard!$B$3,$R45<=RpmDesignStandard!$C$3),RpmDesignStandard!$D$3,RpmDesignStandard!$D$4)), IF($R45<=RpmDesignStandard!$C$5, RpmDesignStandard!$D$5, IF(AND($R45>RpmDesignStandard!$B$6,$R45<=RpmDesignStandard!$C$6),RpmDesignStandard!$D$6, IF(AND($R45>RpmDesignStandard!$B$7,$R45<=RpmDesignStandard!$C$7),RpmDesignStandard!$D$7,RpmDesignStandard!$D$8)))) -> 3 | V45: =U45*RpmDesignStandard!$H$1 -> 6 | W45: =VLOOKUP(A45,RPM_ProjectRecord!A:AB,8,FALSE) | X45: =IFERROR(VALUE(LEFT(AE45,4)),"") | Y45: =IFERROR(VALUE(LEFT(AF45,4)),"") | Z45: =IFERROR(VALUE(LEFT(AG45,4)),"") | AA45: =IFERROR(VALUE(LEFT(AH45,4)),"") | AB45: =IFERROR(VALUE(LEFT(AI45,4)),"") | AC45: =IF(VLOOKUP(A45,'3rdPhaseChipSeal'!A:L,12,FALSE)="","",VLOOKUP(A45,'3rdPhaseChipSeal'!A:L,12,FALSE)) | AD45: =IFERROR(IF(VLOOKUP(A45,RpmContracts!A:C,3,FALSE)="","",VLOOKUP(A45,RpmContracts!A:C,3,FALSE)),"") | AE45: =IF(VLOOKUP(A45,'20yPlan'!A:B,2,FALSE)="","",VLOOKUP(A45,'20yPlan'!A:B,2,FALSE)) | AF45: =IF(VLOOKUP(A45,'20yPlan'!A:C,3,FALSE)="","",VLOOKUP(A45,'20yPlan'!A:C,3,FALSE)) | AG45: =IF(VLOOKUP(A45,'20yPlan'!A:D,4,FALSE)="","",VLOOKUP(A45,'20yPlan'!A:D,4,FALSE)) | AH45: =IF(VLOOKUP(A45,'20yPlan'!A:E,5,FALSE)="","",VLOOKUP(A45,'20yPlan'!A:E,5,FALSE)) | AI45: =IF(VLOOKUP(A45,'20yPlan'!A:F,6,FALSE)="","",VLOOKUP(A45,'20yPlan'!A:F,6,FALSE)) | AJ45: =IF(AC45="","",_xlfn.CONCAT(AC45," ","Chip Seal")) | AK45: =IF(AD45="","",_xlfn.CONCAT(AD45," ","RPM Replacement")) | AL45: =IFERROR(U45+W45,YEAR(TODAY())) -> 2025 | AM45: =IF(W45="",AD45,IF(AND(MIN(X45:AD45)<=(W45+V45),MIN(X45:AD45)>W45),MIN(X45:AD45),"")) | AN45: =IF(AM45=X45,AE45,IF(AM45=Y45,AF45,IF(AM45=AC45,AJ45,AK45)))
A46: 60045 | B46: US 231 | C46: From 1.64 miles S of SR-64 to 1.02 mi N SR 64 (19th St) | D46: 27.640573 | E46: 30.287744 | F46: 40 +0.250 | G46: 42 +0.944 | H46: 64757 | I46: B1 | J46: 2 | L46: 2 | M46: FLEX | N46: Is on the NHS | O46: Paoli,Tell City | P46: Dale Unit 4,Jasper Unit 4 | Q46: Dubois | R46: 10325 | S46: 992 | T46: N/A | U46: =IF($L46<=2, IF($R46<=RpmDesignStandard!$C$2,RpmDesignStandard!$D$2, IF(AND($R46>RpmDesignStandard!$B$3,$R46<=RpmDesignStandard!$C$3),RpmDesignStandard!$D$3,RpmDesignStandard!$D$4)), IF($R46<=RpmDesignStandard!$C$5, RpmDesignStandard!$D$5, IF(AND($R46>RpmDesignStandard!$B$6,$R46<=RpmDesignStandard!$C$6),RpmDesignStandard!$D$6, IF(AND($R46>RpmDesignStandard!$B$7,$R46<=RpmDesignStandard!$C$7),RpmDesignStandard!$D$7,RpmDesignStandard!$D$8)))) -> 3 | V46: =U46*RpmDesignStandard!$H$1 -> 6 | W46: =VLOOKUP(A46,RPM_ProjectRecord!A:AB,8,FALSE) -> 2021 | X46: =IFERROR(VALUE(LEFT(AE46,4)),"") -> 2041 | Y46: =IFERROR(VALUE(LEFT(AF46,4)),"") | Z46: =IFERROR(VALUE(LEFT(AG46,4)),"") | AA46: =IFERROR(VALUE(LEFT(AH46,4)),"") | AB46: =IFERROR(VALUE(LEFT(AI46,4)),"") | AC46: =IF(VLOOKUP(A46,'3rdPhaseChipSeal'!A:L,12,FALSE)="","",VLOOKUP(A46,'3rdPhaseChipSeal'!A:L,12,FALSE)) | AD46: =IFERROR(IF(VLOOKUP(A46,RpmContracts!A:C,3,FALSE)="","",VLOOKUP(A46,RpmContracts!A:C,3,FALSE)),"") | AE46: =IF(VLOOKUP(A46,'20yPlan'!A:B,2,FALSE)="","",VLOOKUP(A46,'20yPlan'!A:B,2,FALSE)) -> 2041 Preventive Maintenance | AF46: =IF(VLOOKUP(A46,'20yPlan'!A:C,3,FALSE)="","",VLOOKUP(A46,'20yPlan'!A:C,3,FALSE)) | AG46: =IF(VLOOKUP(A46,'20yPlan'!A:D,4,FALSE)="","",VLOOKUP(A46,'20yPlan'!A:D,4,FALSE)) | AH46: =IF(VLOOKUP(A46,'20yPlan'!A:E,5,FALSE)="","",VLOOKUP(A46,'20yPlan'!A:E,5,FALSE)) | AI46: =IF(VLOOKUP(A46,'20yPlan'!A:F,6,FALSE)="","",VLOOKUP(A46,'20yPlan'!A:F,6,FALSE)) | AJ46: =IF(AC46="","",_xlfn.CONCAT(AC46," ","Chip Seal")) | AK46: =IF(AD46="","",_xlfn.CONCAT(AD46," ","RPM Replacement")) | AL46: =IFERROR(U46+W46,YEAR(TODAY())) -> 2024 | AM46: =IF(W46="",AD46,IF(AND(MIN(X46:AD46)<=(W46+V46),MIN(X46:AD46)>W46),MIN(X46:AD46),"")) | AN46: =IF(AM46=X46,AE46,IF(AM46=Y46,AF46,IF(AM46=AC46,AJ46,AK46)))
A47: 60046 | B47: US 231 | C47: From 1.02 mi N SR 64 ( 19th St) to 0.40 mi S. SR 162 | D47: 30.287744 | E47: 33.529048 | F47: 42 +0.944 | G47: 46 +0.182 | H47: 92083 | I47: B1 | J47: 10 | K47: 2029 | L47: 2 | M47: FLEX | N47: Is on the NHS | O47: Paoli,Tell City | P47: Dale Unit 4,Jasper Unit 4 | Q47: Dubois | R47: 13898 | S47: 1274 | T47: N/A | U47: =IF($L47<=2, IF($R47<=RpmDesignStandard!$C$2,RpmDesignStandard!$D$2, IF(AND($R47>RpmDesignStandard!$B$3,$R47<=RpmDesignStandard!$C$3),RpmDesignStandard!$D$3,RpmDesignStandard!$D$4)), IF($R47<=RpmDesignStandard!$C$5, RpmDesignStandard!$D$5, IF(AND($R47>RpmDesignStandard!$B$6,$R47<=RpmDesignStandard!$C$6),RpmDesignStandard!$D$6, IF(AND($R47>RpmDesignStandard!$B$7,$R47<=RpmDesignStandard!$C$7),RpmDesignStandard!$D$7,RpmDesignStandard!$D$8)))) -> 3 | V47: =U47*RpmDesignStandard!$H$1 -> 6 | W47: =VLOOKUP(A47,RPM_ProjectRecord!A:AB,8,FALSE) | X47: =IFERROR(VALUE(LEFT(AE47,4)),"") | Y47: =IFERROR(VALUE(LEFT(AF47,4)),"") | Z47: =IFERROR(VALUE(LEFT(AG47,4)),"") | AA47: =IFERROR(VALUE(LEFT(AH47,4)),"") | AB47: =IFERROR(VALUE(LEFT(AI47,4)),"") | AC47: =IF(VLOOKUP(A47,'3rdPhaseChipSeal'!A:L,12,FALSE)="","",VLOOKUP(A47,'3rdPhaseChipSeal'!A:L,12,FALSE)) | AD47: =IFERROR(IF(VLOOKUP(A47,RpmContracts!A:C,3,FALSE)="","",VLOOKUP(A47,RpmContracts!A:C,3,FALSE)),"") | AE47: =IF(VLOOKUP(A47,'20yPlan'!A:B,2,FALSE)="","",VLOOKUP(A47,'20yPlan'!A:B,2,FALSE)) | AF47: =IF(VLOOKUP(A47,'20yPlan'!A:C,3,FALSE)="","",VLOOKUP(A47,'20yPlan'!A:C,3,FALSE)) | AG47: =IF(VLOOKUP(A47,'20yPlan'!A:D,4,FALSE)="","",VLOOKUP(A47,'20yPlan'!A:D,4,FALSE)) | AH47: =IF(VLOOKUP(A47,'20yPlan'!A:E,5,FALSE)="","",VLOOKUP(A47,'20yPlan'!A:E,5,FALSE)) | AI47: =IF(VLOOKUP(A47,'20yPlan'!A:F,6,FALSE)="","",VLOOKUP(A47,'20yPlan'!A:F,6,FALSE)) | AJ47: =IF(AC47="","",_xlfn.CONCAT(AC47," ","Chip Seal")) | AK47: =IF(AD47="","",_xlfn.CONCAT(AD47," ","RPM Replacement")) | AL47: =IFERROR(U47+W47,YEAR(TODAY())) -> 2025 | AM47: =IF(W47="",AD47,IF(AND(MIN(X47:AD47)<=(W47+V47),MIN(X47:AD47)>W47),MIN(X47:AD47),"")) | AN47: =IF(AM47=X47,AE47,IF(AM47=Y47,AF47,IF(AM47=AC47,AJ47,AK47)))
A48: 60047 | B48: US 231 | C48: From 0.40 mi S. SR 162 to S Jct with SR-56 | D48: 33.529048 | E48: 35.905456 | F48: 46 +0.182 | G48: 48 +0.557 | H48: 94355 | I48: B1 | J48: 7 | K48: 2029 | L48: 2 | M48: RIGID | N48: Is on the NHS | O48: Paoli,Vincennes | P48: Jasper Unit 4,Loogootee Unit | Q48: Dubois | R48: 14892 | S48: 1236 | T48: N/A | U48: =IF($L48<=2, IF($R48<=RpmDesignStandard!$C$2,RpmDesignStandard!$D$2, IF(AND($R48>RpmDesignStandard!$B$3,$R48<=RpmDesignStandard!$C$3),RpmDesignStandard!$D$3,RpmDesignStandard!$D$4)), IF($R48<=RpmDesignStandard!$C$5, RpmDesignStandard!$D$5, IF(AND($R48>RpmDesignStandard!$B$6,$R48<=RpmDesignStandard!$C$6),RpmDesignStandard!$D$6, IF(AND($R48>RpmDesignStandard!$B$7,$R48<=RpmDesignStandard!$C$7),RpmDesignStandard!$D$7,RpmDesignStandard!$D$8)))) -> 3 | V48: =U48*RpmDesignStandard!$H$1 -> 6 | W48: =VLOOKUP(A48,RPM_ProjectRecord!A:AB,8,FALSE) -> 2021 | X48: =IFERROR(VALUE(LEFT(AE48,4)),"") | Y48: =IFERROR(VALUE(LEFT(AF48,4)),"") | Z48: =IFERROR(VALUE(LEFT(AG48,4)),"") | AA48: =IFERROR(VALUE(LEFT(AH48,4)),"") | AB48: =IFERROR(VALUE(LEFT(AI48,4)),"") | AC48: =IF(VLOOKUP(A48,'3rdPhaseChipSeal'!A:L,12,FALSE)="","",VLOOKUP(A48,'3rdPhaseChipSeal'!A:L,12,FALSE)) | AD48: =IFERROR(IF(VLOOKUP(A48,RpmContracts!A:C,3,FALSE)="","",VLOOKUP(A48,RpmContracts!A:C,3,FALSE)),"") | AE48: =IF(VLOOKUP(A48,'20yPlan'!A:B,2,FALSE)="","",VLOOKUP(A48,'20yPlan'!A:B,2,FALSE)) | AF48: =IF(VLOOKUP(A48,'20yPlan'!A:C,3,FALSE)="","",VLOOKUP(A48,'20yPlan'!A:C,3,FALSE)) | AG48: =IF(VLOOKUP(A48,'20yPlan'!A:D,4,FALSE)="","",VLOOKUP(A48,'20yPlan'!A:D,4,FALSE)) | AH48: =IF(VLOOKUP(A48,'20yPlan'!A:E,5,FALSE)="","",VLOOKUP(A48,'20yPlan'!A:E,5,FALSE)) | AI48: =IF(VLOOKUP(A48,'20yPlan'!A:F,6,FALSE)="","",VLOOKUP(A48,'20yPlan'!A:F,6,FALSE)) | AJ48: =IF(AC48="","",_xlfn.CONCAT(AC48," ","Chip Seal")) | AK48: =IF(AD48="","",_xlfn.CONCAT(AD48," ","RPM Replacement")) | AL48: =IFERROR(U48+W48,YEAR(TODAY())) -> 2024 | AM48: =IF(W48="",AD48,IF(AND(MIN(X48:AD48)<=(W48+V48),MIN(X48:AD48)>W48),MIN(X48:AD48),"")) | AN48: =IF(AM48=X48,AE48,IF(AM48=Y48,AF48,IF(AM48=AC48,AJ48,AK48)))
A49: 60048 | B49: US 231 | C49: From S Jct with SR-56 to 3.30 miles N of SR-164 (47th St) | D49: 35.905456 | E49: 39.579078 | F49: 48 +0.557 | G49: 52 +0.047 | H49: 79077 | I49: B1 | J49: 2 | L49: 2 | M49: FLEX | N49: Is on the NHS | O49: Paoli,Vincennes | P49: Jasper Unit 4,Loogootee Unit | Q49: Dubois | R49: 16747 | S49: 1008 | T49: N/A | U49: =IF($L49<=2, IF($R49<=RpmDesignStandard!$C$2,RpmDesignStandard!$D$2, IF(AND($R49>RpmDesignStandard!$B$3,$R49<=RpmDesignStandard!$C$3),RpmDesignStandard!$D$3,RpmDesignStandard!$D$4)), IF($R49<=RpmDesignStandard!$C$5, RpmDesignStandard!$D$5, IF(AND($R49>RpmDesignStandard!$B$6,$R49<=RpmDesignStandard!$C$6),RpmDesignStandard!$D$6, IF(AND($R49>RpmDesignStandard!$B$7,$R49<=RpmDesignStandard!$C$7),RpmDesignStandard!$D$7,RpmDesignStandard!$D$8)))) -> 3 | V49: =U49*RpmDesignStandard!$H$1 -> 6 | W49: =VLOOKUP(A49,RPM_ProjectRecord!A:AB,8,FALSE) -> 2021 | X49: =IFERROR(VALUE(LEFT(AE49,4)),"") -> 2040 | Y49: =IFERROR(VALUE(LEFT(AF49,4)),"") | Z49: =IFERROR(VALUE(LEFT(AG49,4)),"") | AA49: =IFERROR(VALUE(LEFT(AH49,4)),"") | AB49: =IFERROR(VALUE(LEFT(AI49,4)),"") | AC49: =IF(VLOOKUP(A49,'3rdPhaseChipSeal'!A:L,12,FALSE)="","",VLOOKUP(A49,'3rdPhaseChipSeal'!A:L,12,FALSE)) | AD49: =IFERROR(IF(VLOOKUP(A49,RpmContracts!A:C,3,FALSE)="","",VLOOKUP(A49,RpmContracts!A:C,3,FALSE)),"") | AE49: =IF(VLOOKUP(A49,'20yPlan'!A:B,2,FALSE)="","",VLOOKUP(A49,'20yPlan'!A:B,2,FALSE)) -> 2040 Preventive Maintenance | AF49: =IF(VLOOKUP(A49,'20yPlan'!A:C,3,FALSE)="","",VLOOKUP(A49,'20yPlan'!A:C,3,FALSE)) | AG49: =IF(VLOOKUP(A49,'20yPlan'!A:D,4,FALSE)="","",VLOOKUP(A49,'20yPlan'!A:D,4,FALSE)) | AH49: =IF(VLOOKUP(A49,'20yPlan'!A:E,5,FALSE)="","",VLOOKUP(A49,'20yPlan'!A:E,5,FALSE)) | AI49: =IF(VLOOKUP(A49,'20yPlan'!A:F,6,FALSE)="","",VLOOKUP(A49,'20yPlan'!A:F,6,FALSE)) | AJ49: =IF(AC49="","",_xlfn.CONCAT(AC49," ","Chip Seal")) | AK49: =IF(AD49="","",_xlfn.CONCAT(AD49," ","RPM Replacement")) | AL49: =IFERROR(U49+W49,YEAR(TODAY())) -> 2024 | AM49: =IF(W49="",AD49,IF(AND(MIN(X49:AD49)<=(W49+V49),MIN(X49:AD49)>W49),MIN(X49:AD49),"")) | AN49: =IF(AM49=X49,AE49,IF(AM49=Y49,AF49,IF(AM49=AC49,AJ49,AK49)))
A50: 60049 | B50: US 231 | C50: From 3.30 miles N of SR-164 (47th St) to 1.04 mi N. N. Jct SR 56 (N side of White River Bridge) | D50: 39.579078 | E50: 44.165456 | F50: 52 +0.047 | G50: 56 +0.683 | H50: 92571 | I50: C1 | J50: 4 | L50: 2 | M50: FLEX | N50: Is on the NHS | O50: Paoli,Vincennes | P50: Jasper Unit 4,Loogootee Unit | Q50: Daviess,Dubois | R50: 6797 | S50: 810 | T50: N/A | U50: =IF($L50<=2, IF($R50<=RpmDesignStandard!$C$2,RpmDesignStandard!$D$2, IF(AND($R50>RpmDesignStandard!$B$3,$R50<=RpmDesignStandard!$C$3),RpmDesignStandard!$D$3,RpmDesignStandard!$D$4)), IF($R50<=RpmDesignStandard!$C$5, RpmDesignStandard!$D$5, IF(AND($R50>RpmDesignStandard!$B$6,$R50<=RpmDesignStandard!$C$6),RpmDesignStandard!$D$6, IF(AND($R50>RpmDesignStandard!$B$7,$R50<=RpmDesignStandard!$C$7),RpmDesignStandard!$D$7,RpmDesignStandard!$D$8)))) -> 3 | V50: =U50*RpmDesignStandard!$H$1 -> 6 | W50: =VLOOKUP(A50,RPM_ProjectRecord!A:AB,8,FALSE) -> 2025 | X50: =IFERROR(VALUE(LEFT(AE50,4)),"") | Y50: =IFERROR(VALUE(LEFT(AF50,4)),"") | Z50: =IFERROR(VALUE(LEFT(AG50,4)),"") | AA50: =IFERROR(VALUE(LEFT(AH50,4)),"") | AB50: =IFERROR(VALUE(LEFT(AI50,4)),"") | AC50: =IF(VLOOKUP(A50,'3rdPhaseChipSeal'!A:L,12,FALSE)="","",VLOOKUP(A50,'3rdPhaseChipSeal'!A:L,12,FALSE)) | AD50: =IFERROR(IF(VLOOKUP(A50,RpmContracts!A:C,3,FALSE)="","",VLOOKUP(A50,RpmContracts!A:C,3,FALSE)),"") | AE50: =IF(VLOOKUP(A50,'20yPlan'!A:B,2,FALSE)="","",VLOOKUP(A50,'20yPlan'!A:B,2,FALSE)) | AF50: =IF(VLOOKUP(A50,'20yPlan'!A:C,3,FALSE)="","",VLOOKUP(A50,'20yPlan'!A:C,3,FALSE)) | AG50: =IF(VLOOKUP(A50,'20yPlan'!A:D,4,FALSE)="","",VLOOKUP(A50,'20yPlan'!A:D,4,FALSE)) | AH50: =IF(VLOOKUP(A50,'20yPlan'!A:E,5,FALSE)="","",VLOOKUP(A50,'20yPlan'!A:E,5,FALSE)) | AI50: =IF(VLOOKUP(A50,'20yPlan'!A:F,6,FALSE)="","",VLOOKUP(A50,'20yPlan'!A:F,6,FALSE)) | AJ50: =IF(AC50="","",_xlfn.CONCAT(AC50," ","Chip Seal")) | AK50: =IF(AD50="","",_xlfn.CONCAT(AD50," ","RPM Replacement")) | AL50: =IFERROR(U50+W50,YEAR(TODAY())) -> 2028 | AM50: =IF(W50="",AD50,IF(AND(MIN(X50:AD50)<=(W50+V50),MIN(X50:AD50)>W50),MIN(X50:AD50),"")) | AN50: =IF(AM50=X50,AE50,IF(AM50=Y50,AF50,IF(AM50=AC50,AJ50,AK50)))
A51: 60050 | B51: US 231 | C51: From 1.04 mi N. N. Jct SR 56 (N side of White River Bridge) to West Jct US 50 | D51: 44.165456 | E51: 56.409758 | F51: 56 +0.683 | G51: 68 +0.941 | H51: 233826 | I51: C1 | J51: 4 | L51: 2 | M51: FLEX | N51: Is on the NHS | O51: Paoli,Vincennes | P51: Jasper Unit 4,Loogootee Unit | Q51: Dubois,Martin | R51: 6450 | S51: 844 | T51: N/A | U51: =IF($L51<=2, IF($R51<=RpmDesignStandard!$C$2,RpmDesignStandard!$D$2, IF(AND($R51>RpmDesignStandard!$B$3,$R51<=RpmDesignStandard!$C$3),RpmDesignStandard!$D$3,RpmDesignStandard!$D$4)), IF($R51<=RpmDesignStandard!$C$5, RpmDesignStandard!$D$5, IF(AND($R51>RpmDesignStandard!$B$6,$R51<=RpmDesignStandard!$C$6),RpmDesignStandard!$D$6, IF(AND($R51>RpmDesignStandard!$B$7,$R51<=RpmDesignStandard!$C$7),RpmDesignStandard!$D$7,RpmDesignStandard!$D$8)))) -> 3 | V51: =U51*RpmDesignStandard!$H$1 -> 6 | W51: =VLOOKUP(A51,RPM_ProjectRecord!A:AB,8,FALSE) | X51: =IFERROR(VALUE(LEFT(AE51,4)),"") | Y51: =IFERROR(VALUE(LEFT(AF51,4)),"") | Z51: =IFERROR(VALUE(LEFT(AG51,4)),"") | AA51: =IFERROR(VALUE(LEFT(AH51,4)),"") | AB51: =IFERROR(VALUE(LEFT(AI51,4)),"") | AC51: =IF(VLOOKUP(A51,'3rdPhaseChipSeal'!A:L,12,FALSE)="","",VLOOKUP(A51,'3rdPhaseChipSeal'!A:L,12,FALSE)) | AD51: =IFERROR(IF(VLOOKUP(A51,RpmContracts!A:C,3,FALSE)="","",VLOOKUP(A51,RpmContracts!A:C,3,FALSE)),"") | AE51: =IF(VLOOKUP(A51,'20yPlan'!A:B,2,FALSE)="","",VLOOKUP(A51,'20yPlan'!A:B,2,FALSE)) | AF51: =IF(VLOOKUP(A51,'20yPlan'!A:C,3,FALSE)="","",VLOOKUP(A51,'20yPlan'!A:C,3,FALSE)) | AG51: =IF(VLOOKUP(A51,'20yPlan'!A:D,4,FALSE)="","",VLOOKUP(A51,'20yPlan'!A:D,4,FALSE)) | AH51: =IF(VLOOKUP(A51,'20yPlan'!A:E,5,FALSE)="","",VLOOKUP(A51,'20yPlan'!A:E,5,FALSE)) | AI51: =IF(VLOOKUP(A51,'20yPlan'!A:F,6,FALSE)="","",VLOOKUP(A51,'20yPlan'!A:F,6,FALSE)) | AJ51: =IF(AC51="","",_xlfn.CONCAT(AC51," ","Chip Seal")) | AK51: =IF(AD51="","",_xlfn.CONCAT(AD51," ","RPM Replacement")) | AL51: =IFERROR(U51+W51,YEAR(TODAY())) -> 2025 | AM51: =IF(W51="",AD51,IF(AND(MIN(X51:AD51)<=(W51+V51),MIN(X51:AD51)>W51),MIN(X51:AD51),"")) | AN51: =IF(AM51=X51,AE51,IF(AM51=Y51,AF51,IF(AM51=AC51,AJ51,AK51)))
A52: 60051 | B52: US 231 | C52: From 0.97 mi N. of E. Jct. US 50 (N. Corporate Limits Loogootee) to SR 45 | D52: 57.371102 | E52: 73.229039 | F52: 70 +0.341 | G52: 86 +0.254 | H52: 296365 | I52: C1 | J52: 10 | K52: 2026 | L52: 2 | M52: FLEX | N52: Is on the NHS | O52: Linton | P52: Crane Unit,Linton | Q52: Daviess,Greene,Martin | R52: 5706 | S52: 703 | T52: N/A | U52: =IF($L52<=2, IF($R52<=RpmDesignStandard!$C$2,RpmDesignStandard!$D$2, IF(AND($R52>RpmDesignStandard!$B$3,$R52<=RpmDesignStandard!$C$3),RpmDesignStandard!$D$3,RpmDesignStandard!$D$4)), IF($R52<=RpmDesignStandard!$C$5, RpmDesignStandard!$D$5, IF(AND($R52>RpmDesignStandard!$B$6,$R52<=RpmDesignStandard!$C$6),RpmDesignStandard!$D$6, IF(AND($R52>RpmDesignStandard!$B$7,$R52<=RpmDesignStandard!$C$7),RpmDesignStandard!$D$7,RpmDesignStandard!$D$8)))) -> 4 | V52: =U52*RpmDesignStandard!$H$1 -> 8 | W52: =VLOOKUP(A52,RPM_ProjectRecord!A:AB,8,FALSE) | X52: =IFERROR(VALUE(LEFT(AE52,4)),"") | Y52: =IFERROR(VALUE(LEFT(AF52,4)),"") | Z52: =IFERROR(VALUE(LEFT(AG52,4)),"") | AA52: =IFERROR(VALUE(LEFT(AH52,4)),"") | AB52: =IFERROR(VALUE(LEFT(AI52,4)),"") | AC52: =IF(VLOOKUP(A52,'3rdPhaseChipSeal'!A:L,12,FALSE)="","",VLOOKUP(A52,'3rdPhaseChipSeal'!A:L,12,FALSE)) | AD52: =IFERROR(IF(VLOOKUP(A52,RpmContracts!A:C,3,FALSE)="","",VLOOKUP(A52,RpmContracts!A:C,3,FALSE)),"") | AE52: =IF(VLOOKUP(A52,'20yPlan'!A:B,2,FALSE)="","",VLOOKUP(A52,'20yPlan'!A:B,2,FALSE)) | AF52: =IF(VLOOKUP(A52,'20yPlan'!A:C,3,FALSE)="","",VLOOKUP(A52,'20yPlan'!A:C,3,FALSE)) | AG52: =IF(VLOOKUP(A52,'20yPlan'!A:D,4,FALSE)="","",VLOOKUP(A52,'20yPlan'!A:D,4,FALSE)) | AH52: =IF(VLOOKUP(A52,'20yPlan'!A:E,5,FALSE)="","",VLOOKUP(A52,'20yPlan'!A:E,5,FALSE)) | AI52: =IF(VLOOKUP(A52,'20yPlan'!A:F,6,FALSE)="","",VLOOKUP(A52,'20yPlan'!A:F,6,FALSE)) | AJ52: =IF(AC52="","",_xlfn.CONCAT(AC52," ","Chip Seal")) | AK52: =IF(AD52="","",_xlfn.CONCAT(AD52," ","RPM Replacement")) | AL52: =IFERROR(U52+W52,YEAR(TODAY())) -> 2025 | AM52: =IF(W52="",AD52,IF(AND(MIN(X52:AD52)<=(W52+V52),MIN(X52:AD52)>W52),MIN(X52:AD52),"")) | AN52: =IF(AM52=X52,AE52,IF(AM52=Y52,AF52,IF(AM52=AC52,AJ52,AK52)))
A53: 60052 | B53: US 231 | C53: From SR 45 to 1.16 mi S of E Jct SR-54/SR-157 (Richland Creek) | D53: 73.229039 | E53: 79.999999 | F53: 86 +0.254 | G53: 92 +1.030 | H53: 124923 | I53: C2 | J53: 19 | K53: 2026 | L53: 2 | M53: FLEX | N53: Is on the NHS | O53: Linton | P53: Crane Unit,Linton | Q53: Greene | R53: 4760 | S53: 635 | T53: N/A | U53: =IF($L53<=2, IF($R53<=RpmDesignStandard!$C$2,RpmDesignStandard!$D$2, IF(AND($R53>RpmDesignStandard!$B$3,$R53<=RpmDesignStandard!$C$3),RpmDesignStandard!$D$3,RpmDesignStandard!$D$4)), IF($R53<=RpmDesignStandard!$C$5, RpmDesignStandard!$D$5, IF(AND($R53>RpmDesignStandard!$B$6,$R53<=RpmDesignStandard!$C$6),RpmDesignStandard!$D$6, IF(AND($R53>RpmDesignStandard!$B$7,$R53<=RpmDesignStandard!$C$7),RpmDesignStandard!$D$7,RpmDesignStandard!$D$8)))) -> 4 | V53: =U53*RpmDesignStandard!$H$1 -> 8 | W53: =VLOOKUP(A53,RPM_ProjectRecord!A:AB,8,FALSE) | X53: =IFERROR(VALUE(LEFT(AE53,4)),"") | Y53: =IFERROR(VALUE(LEFT(AF53,4)),"") | Z53: =IFERROR(VALUE(LEFT(AG53,4)),"") | AA53: =IFERROR(VALUE(LEFT(AH53,4)),"") | AB53: =IFERROR(VALUE(LEFT(AI53,4)),"") | AC53: =IF(VLOOKUP(A53,'3rdPhaseChipSeal'!A:L,12,FALSE)="","",VLOOKUP(A53,'3rdPhaseChipSeal'!A:L,12,FALSE)) -> 2039 | AD53: =IFERROR(IF(VLOOKUP(A53,RpmContracts!A:C,3,FALSE)="","",VLOOKUP(A53,RpmContracts!A:C,3,FALSE)),"") | AE53: =IF(VLOOKUP(A53,'20yPlan'!A:B,2,FALSE)="","",VLOOKUP(A53,'20yPlan'!A:B,2,FALSE)) | AF53: =IF(VLOOKUP(A53,'20yPlan'!A:C,3,FALSE)="","",VLOOKUP(A53,'20yPlan'!A:C,3,FALSE)) | AG53: =IF(VLOOKUP(A53,'20yPlan'!A:D,4,FALSE)="","",VLOOKUP(A53,'20yPlan'!A:D,4,FALSE)) | AH53: =IF(VLOOKUP(A53,'20yPlan'!A:E,5,FALSE)="","",VLOOKUP(A53,'20yPlan'!A:E,5,FALSE)) | AI53: =IF(VLOOKUP(A53,'20yPlan'!A:F,6,FALSE)="","",VLOOKUP(A53,'20yPlan'!A:F,6,FALSE)) | AJ53: =IF(AC53="","",_xlfn.CONCAT(AC53," ","Chip Seal")) -> 2039 Chip Seal | AK53: =IF(AD53="","",_xlfn.CONCAT(AD53," ","RPM Replacement")) | AL53: =IFERROR(U53+W53,YEAR(TODAY())) -> 2025 | AM53: =IF(W53="",AD53,IF(AND(MIN(X53:AD53)<=(W53+V53),MIN(X53:AD53)>W53),MIN(X53:AD53),"")) | AN53: =IF(AM53=X53,AE53,IF(AM53=Y53,AF53,IF(AM53=AC53,AJ53,AK53)))
A54: 60053 | B54: US 231 | C54: From 0.67 mi. W. Jct. SR 54/SR157 (Bloomfield W. CL) to Jct SR-57 / SR 54 | D54: 81.793909 | E54: 85.150662 | F54: 94 +0.822 | G54: 98 +0.156 | H54: 68682 | I54: C1 | J54: 6 | K54: 2031 | L54: 2 | M54: FLEX | N54: Is on the NHS | O54: Linton | P54: Crane Unit,Linton | Q54: Greene | R54: 7959 | S54: 1063 | T54: N/A | U54: =IF($L54<=2, IF($R54<=RpmDesignStandard!$C$2,RpmDesignStandard!$D$2, IF(AND($R54>RpmDesignStandard!$B$3,$R54<=RpmDesignStandard!$C$3),RpmDesignStandard!$D$3,RpmDesignStandard!$D$4)), IF($R54<=RpmDesignStandard!$C$5, RpmDesignStandard!$D$5, IF(AND($R54>RpmDesignStandard!$B$6,$R54<=RpmDesignStandard!$C$6),RpmDesignStandard!$D$6, IF(AND($R54>RpmDesignStandard!$B$7,$R54<=RpmDesignStandard!$C$7),RpmDesignStandard!$D$7,RpmDesignStandard!$D$8)))) -> 3 | V54: =U54*RpmDesignStandard!$H$1 -> 6 | W54: =VLOOKUP(A54,RPM_ProjectRecord!A:AB,8,FALSE) | X54: =IFERROR(VALUE(LEFT(AE54,4)),"") -> 2031 | Y54: =IFERROR(VALUE(LEFT(AF54,4)),"") | Z54: =IFERROR(VALUE(LEFT(AG54,4)),"") | AA54: =IFERROR(VALUE(LEFT(AH54,4)),"") | AB54: =IFERROR(VALUE(LEFT(AI54,4)),"") | AC54: =IF(VLOOKUP(A54,'3rdPhaseChipSeal'!A:L,12,FALSE)="","",VLOOKUP(A54,'3rdPhaseChipSeal'!A:L,12,FALSE)) | AD54: =IFERROR(IF(VLOOKUP(A54,RpmContracts!A:C,3,FALSE)="","",VLOOKUP(A54,RpmContracts!A:C,3,FALSE)),"") | AE54: =IF(VLOOKUP(A54,'20yPlan'!A:B,2,FALSE)="","",VLOOKUP(A54,'20yPlan'!A:B,2,FALSE)) -> 2031 Major Structural | AF54: =IF(VLOOKUP(A54,'20yPlan'!A:C,3,FALSE)="","",VLOOKUP(A54,'20yPlan'!A:C,3,FALSE)) | AG54: =IF(VLOOKUP(A54,'20yPlan'!A:D,4,FALSE)="","",VLOOKUP(A54,'20yPlan'!A:D,4,FALSE)) | AH54: =IF(VLOOKUP(A54,'20yPlan'!A:E,5,FALSE)="","",VLOOKUP(A54,'20yPlan'!A:E,5,FALSE)) | AI54: =IF(VLOOKUP(A54,'20yPlan'!A:F,6,FALSE)="","",VLOOKUP(A54,'20yPlan'!A:F,6,FALSE)) | AJ54: =IF(AC54="","",_xlfn.CONCAT(AC54," ","Chip Seal")) | AK54: =IF(AD54="","",_xlfn.CONCAT(AD54," ","RPM Replacement")) | AL54: =IFERROR(U54+W54,YEAR(TODAY())) -> 2025 | AM54: =IF(W54="",AD54,IF(AND(MIN(X54:AD54)<=(W54+V54),MIN(X54:AD54)>W54),MIN(X54:AD54),"")) | AN54: =IF(AM54=X54,AE54,IF(AM54=Y54,AF54,IF(AM54=AC54,AJ54,AK54)))
A55: 60054 | B55: US 231 | C55: From W Jct SR-57 / SR 54 to SR 67 | D55: 85.150662 | E55: 88.442688 | F55: 98 +0.156 | G55: 101 +0.494 | H55: 58777 | I55: C2 | J55: 4 | K55: 2027 | L55: 2 | M55: FLEX | N55: Is on the NHS | O55: Linton | P55: Linton | Q55: Greene | R55: 2259 | S55: 302 | T55: N/A | U55: =IF($L55<=2, IF($R55<=RpmDesignStandard!$C$2,RpmDesignStandard!$D$2, IF(AND($R55>RpmDesignStandard!$B$3,$R55<=RpmDesignStandard!$C$3),RpmDesignStandard!$D$3,RpmDesignStandard!$D$4)), IF($R55<=RpmDesignStandard!$C$5, RpmDesignStandard!$D$5, IF(AND($R55>RpmDesignStandard!$B$6,$R55<=RpmDesignStandard!$C$6),RpmDesignStandard!$D$6, IF(AND($R55>RpmDesignStandard!$B$7,$R55<=RpmDesignStandard!$C$7),RpmDesignStandard!$D$7,RpmDesignStandard!$D$8)))) -> 4 | V55: =U55*RpmDesignStandard!$H$1 -> 8 | W55: =VLOOKUP(A55,RPM_ProjectRecord!A:AB,8,FALSE) | X55: =IFERROR(VALUE(LEFT(AE55,4)),"") | Y55: =IFERROR(VALUE(LEFT(AF55,4)),"") | Z55: =IFERROR(VALUE(LEFT(AG55,4)),"") | AA55: =IFERROR(VALUE(LEFT(AH55,4)),"") | AB55: =IFERROR(VALUE(LEFT(AI55,4)),"") | AC55: =IF(VLOOKUP(A55,'3rdPhaseChipSeal'!A:L,12,FALSE)="","",VLOOKUP(A55,'3rdPhaseChipSeal'!A:L,12,FALSE)) -> 2040 | AD55: =IFERROR(IF(VLOOKUP(A55,RpmContracts!A:C,3,FALSE)="","",VLOOKUP(A55,RpmContracts!A:C,3,FALSE)),"") | AE55: =IF(VLOOKUP(A55,'20yPlan'!A:B,2,FALSE)="","",VLOOKUP(A55,'20yPlan'!A:B,2,FALSE)) | AF55: =IF(VLOOKUP(A55,'20yPlan'!A:C,3,FALSE)="","",VLOOKUP(A55,'20yPlan'!A:C,3,FALSE)) | AG55: =IF(VLOOKUP(A55,'20yPlan'!A:D,4,FALSE)="","",VLOOKUP(A55,'20yPlan'!A:D,4,FALSE)) | AH55: =IF(VLOOKUP(A55,'20yPlan'!A:E,5,FALSE)="","",VLOOKUP(A55,'20yPlan'!A:E,5,FALSE)) | AI55: =IF(VLOOKUP(A55,'20yPlan'!A:F,6,FALSE)="","",VLOOKUP(A55,'20yPlan'!A:F,6,FALSE)) | AJ55: =IF(AC55="","",_xlfn.CONCAT(AC55," ","Chip Seal")) -> 2040 Chip Seal | AK55: =IF(AD55="","",_xlfn.CONCAT(AD55," ","RPM Replacement")) | AL55: =IFERROR(U55+W55,YEAR(TODAY())) -> 2025 | AM55: =IF(W55="",AD55,IF(AND(MIN(X55:AD55)<=(W55+V55),MIN(X55:AD55)>W55),MIN(X55:AD55),"")) | AN55: =IF(AM55=X55,AE55,IF(AM55=Y55,AF55,IF(AM55=AC55,AJ55,AK55)))
A56: 60056 | B56: US 150 | C56: From US 50 to SR 56 | D56: 14.854676 | E56: 28.379768 | F56: 14 +1.134 | G56: 125 +0.404 | H56: 232962 | I56: C2 | J56: 5 | K56: 2027 | L56: 2 | M56: FLEX | N56: Not on the NHS | O56: Paoli | P56: Paoli Unit 1 | Q56: Martin,Orange | R56: 1496 | S56: 214 | T56: Yes | U56: =IF($L56<=2, IF($R56<=RpmDesignStandard!$C$2,RpmDesignStandard!$D$2, IF(AND($R56>RpmDesignStandard!$B$3,$R56<=RpmDesignStandard!$C$3),RpmDesignStandard!$D$3,RpmDesignStandard!$D$4)), IF($R56<=RpmDesignStandard!$C$5, RpmDesignStandard!$D$5, IF(AND($R56>RpmDesignStandard!$B$6,$R56<=RpmDesignStandard!$C$6),RpmDesignStandard!$D$6, IF(AND($R56>RpmDesignStandard!$B$7,$R56<=RpmDesignStandard!$C$7),RpmDesignStandard!$D$7,RpmDesignStandard!$D$8)))) -> 4 | V56: =U56*RpmDesignStandard!$H$1 -> 8 | W56: =VLOOKUP(A56,RPM_ProjectRecord!A:AB,8,FALSE) | X56: =IFERROR(VALUE(LEFT(AE56,4)),"") | Y56: =IFERROR(VALUE(LEFT(AF56,4)),"") | Z56: =IFERROR(VALUE(LEFT(AG56,4)),"") | AA56: =IFERROR(VALUE(LEFT(AH56,4)),"") | AB56: =IFERROR(VALUE(LEFT(AI56,4)),"") | AC56: =IF(VLOOKUP(A56,'3rdPhaseChipSeal'!A:L,12,FALSE)="","",VLOOKUP(A56,'3rdPhaseChipSeal'!A:L,12,FALSE)) -> 2039 | AD56: =IFERROR(IF(VLOOKUP(A56,RpmContracts!A:C,3,FALSE)="","",VLOOKUP(A56,RpmContracts!A:C,3,FALSE)),"") -> 2027 | AE56: =IF(VLOOKUP(A56,'20yPlan'!A:B,2,FALSE)="","",VLOOKUP(A56,'20yPlan'!A:B,2,FALSE)) | AF56: =IF(VLOOKUP(A56,'20yPlan'!A:C,3,FALSE)="","",VLOOKUP(A56,'20yPlan'!A:C,3,FALSE)) | AG56: =IF(VLOOKUP(A56,'20yPlan'!A:D,4,FALSE)="","",VLOOKUP(A56,'20yPlan'!A:D,4,FALSE)) | AH56: =IF(VLOOKUP(A56,'20yPlan'!A:E,5,FALSE)="","",VLOOKUP(A56,'20yPlan'!A:E,5,FALSE)) | AI56: =IF(VLOOKUP(A56,'20yPlan'!A:F,6,FALSE)="","",VLOOKUP(A56,'20yPlan'!A:F,6,FALSE)) | AJ56: =IF(AC56="","",_xlfn.CONCAT(AC56," ","Chip Seal")) -> 2039 Chip Seal | AK56: =IF(AD56="","",_xlfn.CONCAT(AD56," ","RPM Replacement")) -> 2027 RPM Replacement | AL56: =IFERROR(U56+W56,YEAR(TODAY())) -> 2025 | AM56: =IF(W56="",AD56,IF(AND(MIN(X56:AD56)<=(W56+V56),MIN(X56:AD56)>W56),MIN(X56:AD56),"")) -> 2027 | AN56: =IF(AM56=X56,AE56,IF(AM56=Y56,AF56,IF(AM56=AC56,AJ56,AK56))) -> 2027 RPM Replacement
A57: 60057 | B57: US 150 | C57: From SR 56 to 1.67 mi W. Jct SR 37 (Paoli Town Limits) | D57: 28.379768 | E57: 35.466651 | F57: 125 +0.404 | G57: 132 +0.537 | H57: 156121 | I57: C2 | J57: 9 | K57: 2026 | L57: 2 | M57: FLEX | N57: Not on the NHS | O57: Paoli | P57: Paoli Unit 1 | Q57: Orange | R57: 4796 | S57: 707 | T57: N/A | U57: =IF($L57<=2, IF($R57<=RpmDesignStandard!$C$2,RpmDesignStandard!$D$2, IF(AND($R57>RpmDesignStandard!$B$3,$R57<=RpmDesignStandard!$C$3),RpmDesignStandard!$D$3,RpmDesignStandard!$D$4)), IF($R57<=RpmDesignStandard!$C$5, RpmDesignStandard!$D$5, IF(AND($R57>RpmDesignStandard!$B$6,$R57<=RpmDesignStandard!$C$6),RpmDesignStandard!$D$6, IF(AND($R57>RpmDesignStandard!$B$7,$R57<=RpmDesignStandard!$C$7),RpmDesignStandard!$D$7,RpmDesignStandard!$D$8)))) -> 4 | V57: =U57*RpmDesignStandard!$H$1 -> 8 | W57: =VLOOKUP(A57,RPM_ProjectRecord!A:AB,8,FALSE) | X57: =IFERROR(VALUE(LEFT(AE57,4)),"") | Y57: =IFERROR(VALUE(LEFT(AF57,4)),"") | Z57: =IFERROR(VALUE(LEFT(AG57,4)),"") | AA57: =IFERROR(VALUE(LEFT(AH57,4)),"") | AB57: =IFERROR(VALUE(LEFT(AI57,4)),"") | AC57: =IF(VLOOKUP(A57,'3rdPhaseChipSeal'!A:L,12,FALSE)="","",VLOOKUP(A57,'3rdPhaseChipSeal'!A:L,12,FALSE)) -> 2040 | AD57: =IFERROR(IF(VLOOKUP(A57,RpmContracts!A:C,3,FALSE)="","",VLOOKUP(A57,RpmContracts!A:C,3,FALSE)),"") -> 2027 | AE57: =IF(VLOOKUP(A57,'20yPlan'!A:B,2,FALSE)="","",VLOOKUP(A57,'20yPlan'!A:B,2,FALSE)) | AF57: =IF(VLOOKUP(A57,'20yPlan'!A:C,3,FALSE)="","",VLOOKUP(A57,'20yPlan'!A:C,3,FALSE)) | AG57: =IF(VLOOKUP(A57,'20yPlan'!A:D,4,FALSE)="","",VLOOKUP(A57,'20yPlan'!A:D,4,FALSE)) | AH57: =IF(VLOOKUP(A57,'20yPlan'!A:E,5,FALSE)="","",VLOOKUP(A57,'20yPlan'!A:E,5,FALSE)) | AI57: =IF(VLOOKUP(A57,'20yPlan'!A:F,6,FALSE)="","",VLOOKUP(A57,'20yPlan'!A:F,6,FALSE)) | AJ57: =IF(AC57="","",_xlfn.CONCAT(AC57," ","Chip Seal")) -> 2040 Chip Seal | AK57: =IF(AD57="","",_xlfn.CONCAT(AD57," ","RPM Replacement")) -> 2027 RPM Replacement | AL57: =IFERROR(U57+W57,YEAR(TODAY())) -> 2025 | AM57: =IF(W57="",AD57,IF(AND(MIN(X57:AD57)<=(W57+V57),MIN(X57:AD57)>W57),MIN(X57:AD57),"")) -> 2027 | AN57: =IF(AM57=X57,AE57,IF(AM57=Y57,AF57,IF(AM57=AC57,AJ57,AK57))) -> 2027 RPM Replacement
A58: 60058 | B58: US 150 | C58: From 1.24 mi E. Jct. SR 37 (Paoli E.Town Limits) to SR 66 | D58: 38.520757 | E58: 51.092306 | F58: 135 +0.494 | G58: 148 +0.039 | H58: 211237 | I58: C2 | J58: 4 | K58: 2026 | L58: 2 | M58: FLEX | N58: Not on the NHS | O58: Paoli | P58: Paoli Unit 1 | Q58: Orange,Washington | R58: 2760 | S58: 183 | T58: Yes | U58: =IF($L58<=2, IF($R58<=RpmDesignStandard!$C$2,RpmDesignStandard!$D$2, IF(AND($R58>RpmDesignStandard!$B$3,$R58<=RpmDesignStandard!$C$3),RpmDesignStandard!$D$3,RpmDesignStandard!$D$4)), IF($R58<=RpmDesignStandard!$C$5, RpmDesignStandard!$D$5, IF(AND($R58>RpmDesignStandard!$B$6,$R58<=RpmDesignStandard!$C$6),RpmDesignStandard!$D$6, IF(AND($R58>RpmDesignStandard!$B$7,$R58<=RpmDesignStandard!$C$7),RpmDesignStandard!$D$7,RpmDesignStandard!$D$8)))) -> 4 | V58: =U58*RpmDesignStandard!$H$1 -> 8 | W58: =VLOOKUP(A58,RPM_ProjectRecord!A:AB,8,FALSE) | X58: =IFERROR(VALUE(LEFT(AE58,4)),"") | Y58: =IFERROR(VALUE(LEFT(AF58,4)),"") | Z58: =IFERROR(VALUE(LEFT(AG58,4)),"") | AA58: =IFERROR(VALUE(LEFT(AH58,4)),"") | AB58: =IFERROR(VALUE(LEFT(AI58,4)),"") | AC58: =IF(VLOOKUP(A58,'3rdPhaseChipSeal'!A:L,12,FALSE)="","",VLOOKUP(A58,'3rdPhaseChipSeal'!A:L,12,FALSE)) -> 2039 | AD58: =IFERROR(IF(VLOOKUP(A58,RpmContracts!A:C,3,FALSE)="","",VLOOKUP(A58,RpmContracts!A:C,3,FALSE)),"") -> 2027 | AE58: =IF(VLOOKUP(A58,'20yPlan'!A:B,2,FALSE)="","",VLOOKUP(A58,'20yPlan'!A:B,2,FALSE)) | AF58: =IF(VLOOKUP(A58,'20yPlan'!A:C,3,FALSE)="","",VLOOKUP(A58,'20yPlan'!A:C,3,FALSE)) | AG58: =IF(VLOOKUP(A58,'20yPlan'!A:D,4,FALSE)="","",VLOOKUP(A58,'20yPlan'!A:D,4,FALSE)) | AH58: =IF(VLOOKUP(A58,'20yPlan'!A:E,5,FALSE)="","",VLOOKUP(A58,'20yPlan'!A:E,5,FALSE)) | AI58: =IF(VLOOKUP(A58,'20yPlan'!A:F,6,FALSE)="","",VLOOKUP(A58,'20yPlan'!A:F,6,FALSE)) | AJ58: =IF(AC58="","",_xlfn.CONCAT(AC58," ","Chip Seal")) -> 2039 Chip Seal | AK58: =IF(AD58="","",_xlfn.CONCAT(AD58," ","RPM Replacement")) -> 2027 RPM Replacement | AL58: =IFERROR(U58+W58,YEAR(TODAY())) -> 2025 | AM58: =IF(W58="",AD58,IF(AND(MIN(X58:AD58)<=(W58+V58),MIN(X58:AD58)>W58),MIN(X58:AD58),"")) -> 2027 | AN58: =IF(AM58=X58,AE58,IF(AM58=Y58,AF58,IF(AM58=AC58,AJ58,AK58))) -> 2027 RPM Replacement
A59: 60059 | B59: SR 145 | C59: From SR 37 to 10.5 mi N SR 37 (Bristow- Athens Rd) | D59: 0 | E59: 10.522258 | F59: 0 +0.000 | G59: 10 +0.492 | H59: 176709 | I59: C2 | J59: 14 | K59: 2027 | L59: 2 | M59: FLEX | N59: Not on the NHS | O59: Tell City | P59: Birdseye Unit 3,Derby Unit 2 | Q59: Crawford,Perry | R59: 425 | S59: 30 | T59: Yes | U59: =IF($L59<=2, IF($R59<=RpmDesignStandard!$C$2,RpmDesignStandard!$D$2, IF(AND($R59>RpmDesignStandard!$B$3,$R59<=RpmDesignStandard!$C$3),RpmDesignStandard!$D$3,RpmDesignStandard!$D$4)), IF($R59<=RpmDesignStandard!$C$5, RpmDesignStandard!$D$5, IF(AND($R59>RpmDesignStandard!$B$6,$R59<=RpmDesignStandard!$C$6),RpmDesignStandard!$D$6, IF(AND($R59>RpmDesignStandard!$B$7,$R59<=RpmDesignStandard!$C$7),RpmDesignStandard!$D$7,RpmDesignStandard!$D$8)))) -> 4 | V59: =U59*RpmDesignStandard!$H$1 -> 8 | W59: =VLOOKUP(A59,RPM_ProjectRecord!A:AB,8,FALSE) | X59: =IFERROR(VALUE(LEFT(AE59,4)),"") | Y59: =IFERROR(VALUE(LEFT(AF59,4)),"") | Z59: =IFERROR(VALUE(LEFT(AG59,4)),"") | AA59: =IFERROR(VALUE(LEFT(AH59,4)),"") | AB59: =IFERROR(VALUE(LEFT(AI59,4)),"") | AC59: =IF(VLOOKUP(A59,'3rdPhaseChipSeal'!A:L,12,FALSE)="","",VLOOKUP(A59,'3rdPhaseChipSeal'!A:L,12,FALSE)) -> 2027 | AD59: =IFERROR(IF(VLOOKUP(A59,RpmContracts!A:C,3,FALSE)="","",VLOOKUP(A59,RpmContracts!A:C,3,FALSE)),"") -> 2027 | AE59: =IF(VLOOKUP(A59,'20yPlan'!A:B,2,FALSE)="","",VLOOKUP(A59,'20yPlan'!A:B,2,FALSE)) | AF59: =IF(VLOOKUP(A59,'20yPlan'!A:C,3,FALSE)="","",VLOOKUP(A59,'20yPlan'!A:C,3,FALSE)) | AG59: =IF(VLOOKUP(A59,'20yPlan'!A:D,4,FALSE)="","",VLOOKUP(A59,'20yPlan'!A:D,4,FALSE)) | AH59: =IF(VLOOKUP(A59,'20yPlan'!A:E,5,FALSE)="","",VLOOKUP(A59,'20yPlan'!A:E,5,FALSE)) | AI59: =IF(VLOOKUP(A59,'20yPlan'!A:F,6,FALSE)="","",VLOOKUP(A59,'20yPlan'!A:F,6,FALSE)) | AJ59: =IF(AC59="","",_xlfn.CONCAT(AC59," ","Chip Seal")) -> 2027 Chip Seal | AK59: =IF(AD59="","",_xlfn.CONCAT(AD59," ","RPM Replacement")) -> 2027 RPM Replacement | AL59: =IFERROR(U59+W59,YEAR(TODAY())) -> 2025 | AM59: =IF(W59="",AD59,IF(AND(MIN(X59:AD59)<=(W59+V59),MIN(X59:AD59)>W59),MIN(X59:AD59),"")) -> 2027 | AN59: =IF(AM59=X59,AE59,IF(AM59=Y59,AF59,IF(AM59=AC59,AJ59,AK59))) -> 2027 Chip Seal
A60: 60060 | B60: SR 145 | C60: From 10.5 mi N SR 37 (Bristow- Athens Rd) to I 64 | D60: 10.522258 | E60: 17.63579 | F60: 10 +0.492 | G60: 17 +0.586 | H60: 121630 | I60: C2 | J60: 19 | K60: 2027 | L60: 2 | M60: FLEX | N60: Not on the NHS | O60: Paoli,Tell City | P60: Birdseye Unit 3,Derby Unit 2,Jasper Unit 4 | Q60: Crawford,Perry | R60: 202 | S60: 19 | T60: Yes | U60: =IF($L60<=2, IF($R60<=RpmDesignStandard!$C$2,RpmDesignStandard!$D$2, IF(AND($R60>RpmDesignStandard!$B$3,$R60<=RpmDesignStandard!$C$3),RpmDesignStandard!$D$3,RpmDesignStandard!$D$4)), IF($R60<=RpmDesignStandard!$C$5, RpmDesignStandard!$D$5, IF(AND($R60>RpmDesignStandard!$B$6,$R60<=RpmDesignStandard!$C$6),RpmDesignStandard!$D$6, IF(AND($R60>RpmDesignStandard!$B$7,$R60<=RpmDesignStandard!$C$7),RpmDesignStandard!$D$7,RpmDesignStandard!$D$8)))) -> 4 | V60: =U60*RpmDesignStandard!$H$1 -> 8 | W60: =VLOOKUP(A60,RPM_ProjectRecord!A:AB,8,FALSE) | X60: =IFERROR(VALUE(LEFT(AE60,4)),"") | Y60: =IFERROR(VALUE(LEFT(AF60,4)),"") | Z60: =IFERROR(VALUE(LEFT(AG60,4)),"") | AA60: =IFERROR(VALUE(LEFT(AH60,4)),"") | AB60: =IFERROR(VALUE(LEFT(AI60,4)),"") | AC60: =IF(VLOOKUP(A60,'3rdPhaseChipSeal'!A:L,12,FALSE)="","",VLOOKUP(A60,'3rdPhaseChipSeal'!A:L,12,FALSE)) -> 2027 | AD60: =IFERROR(IF(VLOOKUP(A60,RpmContracts!A:C,3,FALSE)="","",VLOOKUP(A60,RpmContracts!A:C,3,FALSE)),"") -> 2027 | AE60: =IF(VLOOKUP(A60,'20yPlan'!A:B,2,FALSE)="","",VLOOKUP(A60,'20yPlan'!A:B,2,FALSE)) | AF60: =IF(VLOOKUP(A60,'20yPlan'!A:C,3,FALSE)="","",VLOOKUP(A60,'20yPlan'!A:C,3,FALSE)) | AG60: =IF(VLOOKUP(A60,'20yPlan'!A:D,4,FALSE)="","",VLOOKUP(A60,'20yPlan'!A:D,4,FALSE)) | AH60: =IF(VLOOKUP(A60,'20yPlan'!A:E,5,FALSE)="","",VLOOKUP(A60,'20yPlan'!A:E,5,FALSE)) | AI60: =IF(VLOOKUP(A60,'20yPlan'!A:F,6,FALSE)="","",VLOOKUP(A60,'20yPlan'!A:F,6,FALSE)) | AJ60: =IF(AC60="","",_xlfn.CONCAT(AC60," ","Chip Seal")) -> 2027 Chip Seal | AK60: =IF(AD60="","",_xlfn.CONCAT(AD60," ","RPM Replacement")) -> 2027 RPM Replacement | AL60: =IFERROR(U60+W60,YEAR(TODAY())) -> 2025 | AM60: =IF(W60="",AD60,IF(AND(MIN(X60:AD60)<=(W60+V60),MIN(X60:AD60)>W60),MIN(X60:AD60),"")) -> 2027 | AN60: =IF(AM60=X60,AE60,IF(AM60=Y60,AF60,IF(AM60=AC60,AJ60,AK60))) -> 2027 Chip Seal
A61: 60061 | B61: SR 145 | C61: From I-64 to 0.69 mi S. W. Jct SR 64 (S. Birdseye town Limits) | D61: 17.63579 | E61: 24.140914 | F61: 17 +0.586 | G61: 24 +0.082 | H61: 101699 | I61: C2 | J61: 19 | K61: 2027 | L61: 2 | M61: FLEX | N61: Not on the NHS | O61: Tell City | P61: Birdseye Unit 3,Derby Unit 2 | Q61: Dubois,Perry | R61: 375 | S61: 30 | T61: Yes | U61: =IF($L61<=2, IF($R61<=RpmDesignStandard!$C$2,RpmDesignStandard!$D$2, IF(AND($R61>RpmDesignStandard!$B$3,$R61<=RpmDesignStandard!$C$3),RpmDesignStandard!$D$3,RpmDesignStandard!$D$4)), IF($R61<=RpmDesignStandard!$C$5, RpmDesignStandard!$D$5, IF(AND($R61>RpmDesignStandard!$B$6,$R61<=RpmDesignStandard!$C$6),RpmDesignStandard!$D$6, IF(AND($R61>RpmDesignStandard!$B$7,$R61<=RpmDesignStandard!$C$7),RpmDesignStandard!$D$7,RpmDesignStandard!$D$8)))) -> 4 | V61: =U61*RpmDesignStandard!$H$1 -> 8 | W61: =VLOOKUP(A61,RPM_ProjectRecord!A:AB,8,FALSE) | X61: =IFERROR(VALUE(LEFT(AE61,4)),"") | Y61: =IFERROR(VALUE(LEFT(AF61,4)),"") | Z61: =IFERROR(VALUE(LEFT(AG61,4)),"") | AA61: =IFERROR(VALUE(LEFT(AH61,4)),"") | AB61: =IFERROR(VALUE(LEFT(AI61,4)),"") | AC61: =IF(VLOOKUP(A61,'3rdPhaseChipSeal'!A:L,12,FALSE)="","",VLOOKUP(A61,'3rdPhaseChipSeal'!A:L,12,FALSE)) -> 2033 | AD61: =IFERROR(IF(VLOOKUP(A61,RpmContracts!A:C,3,FALSE)="","",VLOOKUP(A61,RpmContracts!A:C,3,FALSE)),"") -> 2027 | AE61: =IF(VLOOKUP(A61,'20yPlan'!A:B,2,FALSE)="","",VLOOKUP(A61,'20yPlan'!A:B,2,FALSE)) | AF61: =IF(VLOOKUP(A61,'20yPlan'!A:C,3,FALSE)="","",VLOOKUP(A61,'20yPlan'!A:C,3,FALSE)) | AG61: =IF(VLOOKUP(A61,'20yPlan'!A:D,4,FALSE)="","",VLOOKUP(A61,'20yPlan'!A:D,4,FALSE)) | AH61: =IF(VLOOKUP(A61,'20yPlan'!A:E,5,FALSE)="","",VLOOKUP(A61,'20yPlan'!A:E,5,FALSE)) | AI61: =IF(VLOOKUP(A61,'20yPlan'!A:F,6,FALSE)="","",VLOOKUP(A61,'20yPlan'!A:F,6,FALSE)) | AJ61: =IF(AC61="","",_xlfn.CONCAT(AC61," ","Chip Seal")) -> 2033 Chip Seal | AK61: =IF(AD61="","",_xlfn.CONCAT(AD61," ","RPM Replacement")) -> 2027 RPM Replacement | AL61: =IFERROR(U61+W61,YEAR(TODAY())) -> 2025 | AM61: =IF(W61="",AD61,IF(AND(MIN(X61:AD61)<=(W61+V61),MIN(X61:AD61)>W61),MIN(X61:AD61),"")) -> 2027 | AN61: =IF(AM61=X61,AE61,IF(AM61=Y61,AF61,IF(AM61=AC61,AJ61,AK61))) -> 2027 RPM Replacement
A62: 60062 | B62: SR 145 | C62: From SR 164 to SR 56 | D62: 27.29871 | E62: 40.987517 | F62: 31 +0.668 | G62: 45 +0.307 | H62: 378198 | I62: C2 | J62: 13 | K62: 2026 | L62: 2 | M62: FLEX | N62: Not on the NHS | O62: Paoli | P62: Jasper Unit 4,Paoli Unit 1 | Q62: Crawford,Orange | R62: 2806 | S62: 417 | T62: N/A | U62: =IF($L62<=2, IF($R62<=RpmDesignStandard!$C$2,RpmDesignStandard!$D$2, IF(AND($R62>RpmDesignStandard!$B$3,$R62<=RpmDesignStandard!$C$3),RpmDesignStandard!$D$3,RpmDesignStandard!$D$4)), IF($R62<=RpmDesignStandard!$C$5, RpmDesignStandard!$D$5, IF(AND($R62>RpmDesignStandard!$B$6,$R62<=RpmDesignStandard!$C$6),RpmDesignStandard!$D$6, IF(AND($R62>RpmDesignStandard!$B$7,$R62<=RpmDesignStandard!$C$7),RpmDesignStandard!$D$7,RpmDesignStandard!$D$8)))) -> 4 | V62: =U62*RpmDesignStandard!$H$1 -> 8 | W62: =VLOOKUP(A62,RPM_ProjectRecord!A:AB,8,FALSE) | X62: =IFERROR(VALUE(LEFT(AE62,4)),"") | Y62: =IFERROR(VALUE(LEFT(AF62,4)),"") | Z62: =IFERROR(VALUE(LEFT(AG62,4)),"") | AA62: =IFERROR(VALUE(LEFT(AH62,4)),"") | AB62: =IFERROR(VALUE(LEFT(AI62,4)),"") | AC62: =IF(VLOOKUP(A62,'3rdPhaseChipSeal'!A:L,12,FALSE)="","",VLOOKUP(A62,'3rdPhaseChipSeal'!A:L,12,FALSE)) -> 2039 | AD62: =IFERROR(IF(VLOOKUP(A62,RpmContracts!A:C,3,FALSE)="","",VLOOKUP(A62,RpmContracts!A:C,3,FALSE)),"") | AE62: =IF(VLOOKUP(A62,'20yPlan'!A:B,2,FALSE)="","",VLOOKUP(A62,'20yPlan'!A:B,2,FALSE)) | AF62: =IF(VLOOKUP(A62,'20yPlan'!A:C,3,FALSE)="","",VLOOKUP(A62,'20yPlan'!A:C,3,FALSE)) | AG62: =IF(VLOOKUP(A62,'20yPlan'!A:D,4,FALSE)="","",VLOOKUP(A62,'20yPlan'!A:D,4,FALSE)) | AH62: =IF(VLOOKUP(A62,'20yPlan'!A:E,5,FALSE)="","",VLOOKUP(A62,'20yPlan'!A:E,5,FALSE)) | AI62: =IF(VLOOKUP(A62,'20yPlan'!A:F,6,FALSE)="","",VLOOKUP(A62,'20yPlan'!A:F,6,FALSE)) | AJ62: =IF(AC62="","",_xlfn.CONCAT(AC62," ","Chip Seal")) -> 2039 Chip Seal | AK62: =IF(AD62="","",_xlfn.CONCAT(AD62," ","RPM Replacement")) | AL62: =IFERROR(U62+W62,YEAR(TODAY())) -> 2025 | AM62: =IF(W62="",AD62,IF(AND(MIN(X62:AD62)<=(W62+V62),MIN(X62:AD62)>W62),MIN(X62:AD62),"")) | AN62: =IF(AM62=X62,AE62,IF(AM62=Y62,AF62,IF(AM62=AC62,AJ62,AK62)))
A63: 60063 | B63: SR 154 | C63: From Illinois/Indiana State Line to SR 63 | D63: 0 | E63: 5.676771 | F63: 0 -0.133 | G63: 5 +0.728 | H63: 103082 | I63: C2 | J63: 16 | K63: 2025 | L63: 2 | M63: FLEX | N63: Not on the NHS | O63: Linton | P63: Sullivan Unit 3 | Q63: Sullivan | R63: 2313 | S63: 275 | T63: Yes | U63: =IF($L63<=2, IF($R63<=RpmDesignStandard!$C$2,RpmDesignStandard!$D$2, IF(AND($R63>RpmDesignStandard!$B$3,$R63<=RpmDesignStandard!$C$3),RpmDesignStandard!$D$3,RpmDesignStandard!$D$4)), IF($R63<=RpmDesignStandard!$C$5, RpmDesignStandard!$D$5, IF(AND($R63>RpmDesignStandard!$B$6,$R63<=RpmDesignStandard!$C$6),RpmDesignStandard!$D$6, IF(AND($R63>RpmDesignStandard!$B$7,$R63<=RpmDesignStandard!$C$7),RpmDesignStandard!$D$7,RpmDesignStandard!$D$8)))) -> 4 | V63: =U63*RpmDesignStandard!$H$1 -> 8 | W63: =VLOOKUP(A63,RPM_ProjectRecord!A:AB,8,FALSE) | X63: =IFERROR(VALUE(LEFT(AE63,4)),"") | Y63: =IFERROR(VALUE(LEFT(AF63,4)),"") | Z63: =IFERROR(VALUE(LEFT(AG63,4)),"") | AA63: =IFERROR(VALUE(LEFT(AH63,4)),"") | AB63: =IFERROR(VALUE(LEFT(AI63,4)),"") | AC63: =IF(VLOOKUP(A63,'3rdPhaseChipSeal'!A:L,12,FALSE)="","",VLOOKUP(A63,'3rdPhaseChipSeal'!A:L,12,FALSE)) -> 2030 | AD63: =IFERROR(IF(VLOOKUP(A63,RpmContracts!A:C,3,FALSE)="","",VLOOKUP(A63,RpmContracts!A:C,3,FALSE)),"") -> 2026 | AE63: =IF(VLOOKUP(A63,'20yPlan'!A:B,2,FALSE)="","",VLOOKUP(A63,'20yPlan'!A:B,2,FALSE)) | AF63: =IF(VLOOKUP(A63,'20yPlan'!A:C,3,FALSE)="","",VLOOKUP(A63,'20yPlan'!A:C,3,FALSE)) | AG63: =IF(VLOOKUP(A63,'20yPlan'!A:D,4,FALSE)="","",VLOOKUP(A63,'20yPlan'!A:D,4,FALSE)) | AH63: =IF(VLOOKUP(A63,'20yPlan'!A:E,5,FALSE)="","",VLOOKUP(A63,'20yPlan'!A:E,5,FALSE)) | AI63: =IF(VLOOKUP(A63,'20yPlan'!A:F,6,FALSE)="","",VLOOKUP(A63,'20yPlan'!A:F,6,FALSE)) | AJ63: =IF(AC63="","",_xlfn.CONCAT(AC63," ","Chip Seal")) -> 2030 Chip Seal | AK63: =IF(AD63="","",_xlfn.CONCAT(AD63," ","RPM Replacement")) -> 2026 RPM Replacement | AL63: =IFERROR(U63+W63,YEAR(TODAY())) -> 2025 | AM63: =IF(W63="",AD63,IF(AND(MIN(X63:AD63)<=(W63+V63),MIN(X63:AD63)>W63),MIN(X63:AD63),"")) -> 2026 | AN63: =IF(AM63=X63,AE63,IF(AM63=Y63,AF63,IF(AM63=AC63,AJ63,AK63))) -> 2026 RPM Replacement
A64: 60064 | B64: SR 157 | C64: From US 231/SR 54 to 1.10 N. US 231/SR54 | D64: 0 | E64: 1.096978 | F64: 0 +0.000 | G64: 1 +0.093 | H64: 20778 | I64: C1 | J64: 1 | L64: 2 | M64: FLEX | N64: Not on the NHS | O64: Linton | P64: Crane Unit,Linton | Q64: Greene | R64: 3685 | S64: 370 | T64: N/A | U64: =IF($L64<=2, IF($R64<=RpmDesignStandard!$C$2,RpmDesignStandard!$D$2, IF(AND($R64>RpmDesignStandard!$B$3,$R64<=RpmDesignStandard!$C$3),RpmDesignStandard!$D$3,RpmDesignStandard!$D$4)), IF($R64<=RpmDesignStandard!$C$5, RpmDesignStandard!$D$5, IF(AND($R64>RpmDesignStandard!$B$6,$R64<=RpmDesignStandard!$C$6),RpmDesignStandard!$D$6, IF(AND($R64>RpmDesignStandard!$B$7,$R64<=RpmDesignStandard!$C$7),RpmDesignStandard!$D$7,RpmDesignStandard!$D$8)))) -> 4 | V64: =U64*RpmDesignStandard!$H$1 -> 8 | W64: =VLOOKUP(A64,RPM_ProjectRecord!A:AB,8,FALSE) -> 2022 | X64: =IFERROR(VALUE(LEFT(AE64,4)),"") | Y64: =IFERROR(VALUE(LEFT(AF64,4)),"") | Z64: =IFERROR(VALUE(LEFT(AG64,4)),"") | AA64: =IFERROR(VALUE(LEFT(AH64,4)),"") | AB64: =IFERROR(VALUE(LEFT(AI64,4)),"") | AC64: =IF(VLOOKUP(A64,'3rdPhaseChipSeal'!A:L,12,FALSE)="","",VLOOKUP(A64,'3rdPhaseChipSeal'!A:L,12,FALSE)) | AD64: =IFERROR(IF(VLOOKUP(A64,RpmContracts!A:C,3,FALSE)="","",VLOOKUP(A64,RpmContracts!A:C,3,FALSE)),"") | AE64: =IF(VLOOKUP(A64,'20yPlan'!A:B,2,FALSE)="","",VLOOKUP(A64,'20yPlan'!A:B,2,FALSE)) | AF64: =IF(VLOOKUP(A64,'20yPlan'!A:C,3,FALSE)="","",VLOOKUP(A64,'20yPlan'!A:C,3,FALSE)) | AG64: =IF(VLOOKUP(A64,'20yPlan'!A:D,4,FALSE)="","",VLOOKUP(A64,'20yPlan'!A:D,4,FALSE)) | AH64: =IF(VLOOKUP(A64,'20yPlan'!A:E,5,FALSE)="","",VLOOKUP(A64,'20yPlan'!A:E,5,FALSE)) | AI64: =IF(VLOOKUP(A64,'20yPlan'!A:F,6,FALSE)="","",VLOOKUP(A64,'20yPlan'!A:F,6,FALSE)) | AJ64: =IF(AC64="","",_xlfn.CONCAT(AC64," ","Chip Seal")) | AK64: =IF(AD64="","",_xlfn.CONCAT(AD64," ","RPM Replacement")) | AL64: =IFERROR(U64+W64,YEAR(TODAY())) -> 2026 | AM64: =IF(W64="",AD64,IF(AND(MIN(X64:AD64)<=(W64+V64),MIN(X64:AD64)>W64),MIN(X64:AD64),"")) | AN64: =IF(AM64=X64,AE64,IF(AM64=Y64,AF64,IF(AM64=AC64,AJ64,AK64)))
A65: 60065 | B65: SR 158 | C65: From Beginning of SR 158 (Crane Gate) to SR 450 | D65: 0 | E65: 10.168529 | F65: 0 +0.000 | G65: 10 +0.094 | H65: 146330 | I65: C2 | J65: 14 | K65: 2026 | L65: 2 | M65: FLEX | N65: Not on the NHS | O65: Linton,Paoli | P65: Bedford Unit 3,Crane Unit | Q65: Lawrence,Martin | R65: 1666 | S65: 201 | T65: Yes | U65: =IF($L65<=2, IF($R65<=RpmDesignStandard!$C$2,RpmDesignStandard!$D$2, IF(AND($R65>RpmDesignStandard!$B$3,$R65<=RpmDesignStandard!$C$3),RpmDesignStandard!$D$3,RpmDesignStandard!$D$4)), IF($R65<=RpmDesignStandard!$C$5, RpmDesignStandard!$D$5, IF(AND($R65>RpmDesignStandard!$B$6,$R65<=RpmDesignStandard!$C$6),RpmDesignStandard!$D$6, IF(AND($R65>RpmDesignStandard!$B$7,$R65<=RpmDesignStandard!$C$7),RpmDesignStandard!$D$7,RpmDesignStandard!$D$8)))) -> 4 | V65: =U65*RpmDesignStandard!$H$1 -> 8 | W65: =VLOOKUP(A65,RPM_ProjectRecord!A:AB,8,FALSE) | X65: =IFERROR(VALUE(LEFT(AE65,4)),"") | Y65: =IFERROR(VALUE(LEFT(AF65,4)),"") | Z65: =IFERROR(VALUE(LEFT(AG65,4)),"") | AA65: =IFERROR(VALUE(LEFT(AH65,4)),"") | AB65: =IFERROR(VALUE(LEFT(AI65,4)),"") | AC65: =IF(VLOOKUP(A65,'3rdPhaseChipSeal'!A:L,12,FALSE)="","",VLOOKUP(A65,'3rdPhaseChipSeal'!A:L,12,FALSE)) -> 2026 | AD65: =IFERROR(IF(VLOOKUP(A65,RpmContracts!A:C,3,FALSE)="","",VLOOKUP(A65,RpmContracts!A:C,3,FALSE)),"") | AE65: =IF(VLOOKUP(A65,'20yPlan'!A:B,2,FALSE)="","",VLOOKUP(A65,'20yPlan'!A:B,2,FALSE)) | AF65: =IF(VLOOKUP(A65,'20yPlan'!A:C,3,FALSE)="","",VLOOKUP(A65,'20yPlan'!A:C,3,FALSE)) | AG65: =IF(VLOOKUP(A65,'20yPlan'!A:D,4,FALSE)="","",VLOOKUP(A65,'20yPlan'!A:D,4,FALSE)) | AH65: =IF(VLOOKUP(A65,'20yPlan'!A:E,5,FALSE)="","",VLOOKUP(A65,'20yPlan'!A:E,5,FALSE)) | AI65: =IF(VLOOKUP(A65,'20yPlan'!A:F,6,FALSE)="","",VLOOKUP(A65,'20yPlan'!A:F,6,FALSE)) | AJ65: =IF(AC65="","",_xlfn.CONCAT(AC65," ","Chip Seal")) -> 2026 Chip Seal | AK65: =IF(AD65="","",_xlfn.CONCAT(AD65," ","RPM Replacement")) | AL65: =IFERROR(U65+W65,YEAR(TODAY())) -> 2025 | AM65: =IF(W65="",AD65,IF(AND(MIN(X65:AD65)<=(W65+V65),MIN(X65:AD65)>W65),MIN(X65:AD65),"")) | AN65: =IF(AM65=X65,AE65,IF(AM65=Y65,AF65,IF(AM65=AC65,AJ65,AK65)))
A66: 60066 | B66: SR 159 | C66: From SR 67 to 0.33 mi S. SR 58 | D66: 0 | E66: 5.754437 | F66: 0 +0.000 | G66: 5 +0.763 | H66: 109735 | I66: C2 | J66: 18 | K66: 2028 | L66: 2 | M66: FLEX | N66: Not on the NHS | O66: Linton | P66: Linton,Sullivan Unit 3 | Q66: Knox | R66: 1922 | S66: 231 | T66: Yes | U66: =IF($L66<=2, IF($R66<=RpmDesignStandard!$C$2,RpmDesignStandard!$D$2, IF(AND($R66>RpmDesignStandard!$B$3,$R66<=RpmDesignStandard!$C$3),RpmDesignStandard!$D$3,RpmDesignStandard!$D$4)), IF($R66<=RpmDesignStandard!$C$5, RpmDesignStandard!$D$5, IF(AND($R66>RpmDesignStandard!$B$6,$R66<=RpmDesignStandard!$C$6),RpmDesignStandard!$D$6, IF(AND($R66>RpmDesignStandard!$B$7,$R66<=RpmDesignStandard!$C$7),RpmDesignStandard!$D$7,RpmDesignStandard!$D$8)))) -> 4 | V66: =U66*RpmDesignStandard!$H$1 -> 8 | W66: =VLOOKUP(A66,RPM_ProjectRecord!A:AB,8,FALSE) | X66: =IFERROR(VALUE(LEFT(AE66,4)),"") | Y66: =IFERROR(VALUE(LEFT(AF66,4)),"") | Z66: =IFERROR(VALUE(LEFT(AG66,4)),"") | AA66: =IFERROR(VALUE(LEFT(AH66,4)),"") | AB66: =IFERROR(VALUE(LEFT(AI66,4)),"") | AC66: =IF(VLOOKUP(A66,'3rdPhaseChipSeal'!A:L,12,FALSE)="","",VLOOKUP(A66,'3rdPhaseChipSeal'!A:L,12,FALSE)) -> 2028 | AD66: =IFERROR(IF(VLOOKUP(A66,RpmContracts!A:C,3,FALSE)="","",VLOOKUP(A66,RpmContracts!A:C,3,FALSE)),"") | AE66: =IF(VLOOKUP(A66,'20yPlan'!A:B,2,FALSE)="","",VLOOKUP(A66,'20yPlan'!A:B,2,FALSE)) | AF66: =IF(VLOOKUP(A66,'20yPlan'!A:C,3,FALSE)="","",VLOOKUP(A66,'20yPlan'!A:C,3,FALSE)) | AG66: =IF(VLOOKUP(A66,'20yPlan'!A:D,4,FALSE)="","",VLOOKUP(A66,'20yPlan'!A:D,4,FALSE)) | AH66: =IF(VLOOKUP(A66,'20yPlan'!A:E,5,FALSE)="","",VLOOKUP(A66,'20yPlan'!A:E,5,FALSE)) | AI66: =IF(VLOOKUP(A66,'20yPlan'!A:F,6,FALSE)="","",VLOOKUP(A66,'20yPlan'!A:F,6,FALSE)) | AJ66: =IF(AC66="","",_xlfn.CONCAT(AC66," ","Chip Seal")) -> 2028 Chip Seal | AK66: =IF(AD66="","",_xlfn.CONCAT(AD66," ","RPM Replacement")) | AL66: =IFERROR(U66+W66,YEAR(TODAY())) -> 2025 | AM66: =IF(W66="",AD66,IF(AND(MIN(X66:AD66)<=(W66+V66),MIN(X66:AD66)>W66),MIN(X66:AD66),"")) | AN66: =IF(AM66=X66,AE66,IF(AM66=Y66,AF66,IF(AM66=AC66,AJ66,AK66)))
A67: 60067 | B67: SR 159 | C67: From Greene / Sullivan Co. Line to From 0.32 mi. S. SR 54 (S. Dugger Town Limits) | D67: 6.084655 | E67: 13.867721 | F67: 5 +1.094 | G67: 13 +0.729 | H67: 112701 | I67: C2 | J67: 20 | K67: 2030 | L67: 2 | M67: FLEX | N67: Not on the NHS | O67: Linton | P67: Linton,Sullivan Unit 3 | Q67: Sullivan | R67: 951 | S67: 113 | T67: Yes | U67: =IF($L67<=2, IF($R67<=RpmDesignStandard!$C$2,RpmDesignStandard!$D$2, IF(AND($R67>RpmDesignStandard!$B$3,$R67<=RpmDesignStandard!$C$3),RpmDesignStandard!$D$3,RpmDesignStandard!$D$4)), IF($R67<=RpmDesignStandard!$C$5, RpmDesignStandard!$D$5, IF(AND($R67>RpmDesignStandard!$B$6,$R67<=RpmDesignStandard!$C$6),RpmDesignStandard!$D$6, IF(AND($R67>RpmDesignStandard!$B$7,$R67<=RpmDesignStandard!$C$7),RpmDesignStandard!$D$7,RpmDesignStandard!$D$8)))) -> 4 | V67: =U67*RpmDesignStandard!$H$1 -> 8 | W67: =VLOOKUP(A67,RPM_ProjectRecord!A:AB,8,FALSE) | X67: =IFERROR(VALUE(LEFT(AE67,4)),"") | Y67: =IFERROR(VALUE(LEFT(AF67,4)),"") | Z67: =IFERROR(VALUE(LEFT(AG67,4)),"") | AA67: =IFERROR(VALUE(LEFT(AH67,4)),"") | AB67: =IFERROR(VALUE(LEFT(AI67,4)),"") | AC67: =IF(VLOOKUP(A67,'3rdPhaseChipSeal'!A:L,12,FALSE)="","",VLOOKUP(A67,'3rdPhaseChipSeal'!A:L,12,FALSE)) -> 2037 | AD67: =IFERROR(IF(VLOOKUP(A67,RpmContracts!A:C,3,FALSE)="","",VLOOKUP(A67,RpmContracts!A:C,3,FALSE)),"") | AE67: =IF(VLOOKUP(A67,'20yPlan'!A:B,2,FALSE)="","",VLOOKUP(A67,'20yPlan'!A:B,2,FALSE)) | AF67: =IF(VLOOKUP(A67,'20yPlan'!A:C,3,FALSE)="","",VLOOKUP(A67,'20yPlan'!A:C,3,FALSE)) | AG67: =IF(VLOOKUP(A67,'20yPlan'!A:D,4,FALSE)="","",VLOOKUP(A67,'20yPlan'!A:D,4,FALSE)) | AH67: =IF(VLOOKUP(A67,'20yPlan'!A:E,5,FALSE)="","",VLOOKUP(A67,'20yPlan'!A:E,5,FALSE)) | AI67: =IF(VLOOKUP(A67,'20yPlan'!A:F,6,FALSE)="","",VLOOKUP(A67,'20yPlan'!A:F,6,FALSE)) | AJ67: =IF(AC67="","",_xlfn.CONCAT(AC67," ","Chip Seal")) -> 2037 Chip Seal | AK67: =IF(AD67="","",_xlfn.CONCAT(AD67," ","RPM Replacement")) | AL67: =IFERROR(U67+W67,YEAR(TODAY())) -> 2025 | AM67: =IF(W67="",AD67,IF(AND(MIN(X67:AD67)<=(W67+V67),MIN(X67:AD67)>W67),MIN(X67:AD67),"")) | AN67: =IF(AM67=X67,AE67,IF(AM67=Y67,AF67,IF(AM67=AC67,AJ67,AK67)))
A68: 60068 | B68: SR 161 | C68: From KY/ IN state Line to E. Jct SR 66 | D68: 0 | E68: 8.212915 | F68: 500 +0.000 | G68: 508 +0.222 | H68: 164674 | I68: C1 | J68: 13 | L68: 2 | M68: FLEX | N68: Not on the NHS | O68: Tell City | P68: Chrisney Unit 5 | Q68: Spencer,Warrick | R68: 7932 | S68: 1051 | T68: N/A | U68: =IF($L68<=2, IF($R68<=RpmDesignStandard!$C$2,RpmDesignStandard!$D$2, IF(AND($R68>RpmDesignStandard!$B$3,$R68<=RpmDesignStandard!$C$3),RpmDesignStandard!$D$3,RpmDesignStandard!$D$4)), IF($R68<=RpmDesignStandard!$C$5, RpmDesignStandard!$D$5, IF(AND($R68>RpmDesignStandard!$B$6,$R68<=RpmDesignStandard!$C$6),RpmDesignStandard!$D$6, IF(AND($R68>RpmDesignStandard!$B$7,$R68<=RpmDesignStandard!$C$7),RpmDesignStandard!$D$7,RpmDesignStandard!$D$8)))) -> 3 | V68: =U68*RpmDesignStandard!$H$1 -> 6 | W68: =VLOOKUP(A68,RPM_ProjectRecord!A:AB,8,FALSE) | X68: =IFERROR(VALUE(LEFT(AE68,4)),"") | Y68: =IFERROR(VALUE(LEFT(AF68,4)),"") | Z68: =IFERROR(VALUE(LEFT(AG68,4)),"") | AA68: =IFERROR(VALUE(LEFT(AH68,4)),"") | AB68: =IFERROR(VALUE(LEFT(AI68,4)),"") | AC68: =IF(VLOOKUP(A68,'3rdPhaseChipSeal'!A:L,12,FALSE)="","",VLOOKUP(A68,'3rdPhaseChipSeal'!A:L,12,FALSE)) | AD68: =IFERROR(IF(VLOOKUP(A68,RpmContracts!A:C,3,FALSE)="","",VLOOKUP(A68,RpmContracts!A:C,3,FALSE)),"") -> 2026 | AE68: =IF(VLOOKUP(A68,'20yPlan'!A:B,2,FALSE)="","",VLOOKUP(A68,'20yPlan'!A:B,2,FALSE)) | AF68: =IF(VLOOKUP(A68,'20yPlan'!A:C,3,FALSE)="","",VLOOKUP(A68,'20yPlan'!A:C,3,FALSE)) | AG68: =IF(VLOOKUP(A68,'20yPlan'!A:D,4,FALSE)="","",VLOOKUP(A68,'20yPlan'!A:D,4,FALSE)) | AH68: =IF(VLOOKUP(A68,'20yPlan'!A:E,5,FALSE)="","",VLOOKUP(A68,'20yPlan'!A:E,5,FALSE)) | AI68: =IF(VLOOKUP(A68,'20yPlan'!A:F,6,FALSE)="","",VLOOKUP(A68,'20yPlan'!A:F,6,FALSE)) | AJ68: =IF(AC68="","",_xlfn.CONCAT(AC68," ","Chip Seal")) | AK68: =IF(AD68="","",_xlfn.CONCAT(AD68," ","RPM Replacement")) -> 2026 RPM Replacement | AL68: =IFERROR(U68+W68,YEAR(TODAY())) -> 2025 | AM68: =IF(W68="",AD68,IF(AND(MIN(X68:AD68)<=(W68+V68),MIN(X68:AD68)>W68),MIN(X68:AD68),"")) -> 2026 | AN68: =IF(AM68=X68,AE68,IF(AM68=Y68,AF68,IF(AM68=AC68,AJ68,AK68))) -> 2026 RPM Replacement
A69: 60069 | B69: SR 161 | C69: From W. Jct SR 66 to W. Jct SR 62 | D69: 8.213915 | E69: 18.693115 | F69: 508 +0.223 | G69: 10 +0.464 | H69: 174876 | I69: C2 | J69: 21 | K69: 2026 | L69: 2 | M69: FLEX | N69: Not on the NHS | O69: Evansville,Tell City | P69: Chandler Unit 4,Chrisney Unit 5 | Q69: Spencer,Warrick | R69: 942 | S69: 54 | T69: No | U69: =IF($L69<=2, IF($R69<=RpmDesignStandard!$C$2,RpmDesignStandard!$D$2, IF(AND($R69>RpmDesignStandard!$B$3,$R69<=RpmDesignStandard!$C$3),RpmDesignStandard!$D$3,RpmDesignStandard!$D$4)), IF($R69<=RpmDesignStandard!$C$5, RpmDesignStandard!$D$5, IF(AND($R69>RpmDesignStandard!$B$6,$R69<=RpmDesignStandard!$C$6),RpmDesignStandard!$D$6, IF(AND($R69>RpmDesignStandard!$B$7,$R69<=RpmDesignStandard!$C$7),RpmDesignStandard!$D$7,RpmDesignStandard!$D$8)))) -> 4 | V69: =U69*RpmDesignStandard!$H$1 -> 8 | W69: =VLOOKUP(A69,RPM_ProjectRecord!A:AB,8,FALSE) | X69: =IFERROR(VALUE(LEFT(AE69,4)),"") -> 2040 | Y69: =IFERROR(VALUE(LEFT(AF69,4)),"") | Z69: =IFERROR(VALUE(LEFT(AG69,4)),"") | AA69: =IFERROR(VALUE(LEFT(AH69,4)),"") | AB69: =IFERROR(VALUE(LEFT(AI69,4)),"") | AC69: =IF(VLOOKUP(A69,'3rdPhaseChipSeal'!A:L,12,FALSE)="","",VLOOKUP(A69,'3rdPhaseChipSeal'!A:L,12,FALSE)) -> 2032 | AD69: =IFERROR(IF(VLOOKUP(A69,RpmContracts!A:C,3,FALSE)="","",VLOOKUP(A69,RpmContracts!A:C,3,FALSE)),"") | AE69: =IF(VLOOKUP(A69,'20yPlan'!A:B,2,FALSE)="","",VLOOKUP(A69,'20yPlan'!A:B,2,FALSE)) -> 2040 Preventive Maintenance | AF69: =IF(VLOOKUP(A69,'20yPlan'!A:C,3,FALSE)="","",VLOOKUP(A69,'20yPlan'!A:C,3,FALSE)) | AG69: =IF(VLOOKUP(A69,'20yPlan'!A:D,4,FALSE)="","",VLOOKUP(A69,'20yPlan'!A:D,4,FALSE)) | AH69: =IF(VLOOKUP(A69,'20yPlan'!A:E,5,FALSE)="","",VLOOKUP(A69,'20yPlan'!A:E,5,FALSE)) | AI69: =IF(VLOOKUP(A69,'20yPlan'!A:F,6,FALSE)="","",VLOOKUP(A69,'20yPlan'!A:F,6,FALSE)) | AJ69: =IF(AC69="","",_xlfn.CONCAT(AC69," ","Chip Seal")) -> 2032 Chip Seal | AK69: =IF(AD69="","",_xlfn.CONCAT(AD69," ","RPM Replacement")) | AL69: =IFERROR(U69+W69,YEAR(TODAY())) -> 2025 | AM69: =IF(W69="",AD69,IF(AND(MIN(X69:AD69)<=(W69+V69),MIN(X69:AD69)>W69),MIN(X69:AD69),"")) | AN69: =IF(AM69=X69,AE69,IF(AM69=Y69,AF69,IF(AM69=AC69,AJ69,AK69)))
A70: 60070 | B70: SR 161 | C70: From E. Jct. SR 62 to W. Jct. SR 68 | D70: 18.694115 | E70: 30.074002 | F70: 10 +0.465 | G70: 27 +0.123 | H70: 179709 | I70: C2 | J70: 2 | K70: 2029 | L70: 2 | M70: FLEX | N70: Not on the NHS | O70: Tell City | P70: Chrisney Unit 5 | Q70: Spencer,Warrick | R70: 432 | S70: 26 | T70: Yes | U70: =IF($L70<=2, IF($R70<=RpmDesignStandard!$C$2,RpmDesignStandard!$D$2, IF(AND($R70>RpmDesignStandard!$B$3,$R70<=RpmDesignStandard!$C$3),RpmDesignStandard!$D$3,RpmDesignStandard!$D$4)), IF($R70<=RpmDesignStandard!$C$5, RpmDesignStandard!$D$5, IF(AND($R70>RpmDesignStandard!$B$6,$R70<=RpmDesignStandard!$C$6),RpmDesignStandard!$D$6, IF(AND($R70>RpmDesignStandard!$B$7,$R70<=RpmDesignStandard!$C$7),RpmDesignStandard!$D$7,RpmDesignStandard!$D$8)))) -> 4 | V70: =U70*RpmDesignStandard!$H$1 -> 8 | W70: =VLOOKUP(A70,RPM_ProjectRecord!A:AB,8,FALSE) -> 2021 | X70: =IFERROR(VALUE(LEFT(AE70,4)),"") | Y70: =IFERROR(VALUE(LEFT(AF70,4)),"") | Z70: =IFERROR(VALUE(LEFT(AG70,4)),"") | AA70: =IFERROR(VALUE(LEFT(AH70,4)),"") | AB70: =IFERROR(VALUE(LEFT(AI70,4)),"") | AC70: =IF(VLOOKUP(A70,'3rdPhaseChipSeal'!A:L,12,FALSE)="","",VLOOKUP(A70,'3rdPhaseChipSeal'!A:L,12,FALSE)) -> 2043 | AD70: =IFERROR(IF(VLOOKUP(A70,RpmContracts!A:C,3,FALSE)="","",VLOOKUP(A70,RpmContracts!A:C,3,FALSE)),"") -> 2026 | AE70: =IF(VLOOKUP(A70,'20yPlan'!A:B,2,FALSE)="","",VLOOKUP(A70,'20yPlan'!A:B,2,FALSE)) | AF70: =IF(VLOOKUP(A70,'20yPlan'!A:C,3,FALSE)="","",VLOOKUP(A70,'20yPlan'!A:C,3,FALSE)) | AG70: =IF(VLOOKUP(A70,'20yPlan'!A:D,4,FALSE)="","",VLOOKUP(A70,'20yPlan'!A:D,4,FALSE)) | AH70: =IF(VLOOKUP(A70,'20yPlan'!A:E,5,FALSE)="","",VLOOKUP(A70,'20yPlan'!A:E,5,FALSE)) | AI70: =IF(VLOOKUP(A70,'20yPlan'!A:F,6,FALSE)="","",VLOOKUP(A70,'20yPlan'!A:F,6,FALSE)) | AJ70: =IF(AC70="","",_xlfn.CONCAT(AC70," ","Chip Seal")) -> 2043 Chip Seal | AK70: =IF(AD70="","",_xlfn.CONCAT(AD70," ","RPM Replacement")) -> 2026 RPM Replacement | AL70: =IFERROR(U70+W70,YEAR(TODAY())) -> 2025 | AM70: =IF(W70="",AD70,IF(AND(MIN(X70:AD70)<=(W70+V70),MIN(X70:AD70)>W70),MIN(X70:AD70),"")) -> 2026 | AN70: =IF(AM70=X70,AE70,IF(AM70=Y70,AF70,IF(AM70=AC70,AJ70,AK70))) -> 2026 RPM Replacement
A71: 60071 | B71: SR 161 | C71: From E. Jct. SR-68 to 3.24 miles North of I-64 (RP 30+59 to 34+49) | D71: 30.075002 | E71: 34.121599 | F71: 27 +0.124 | G71: 34 +0.563 | H71: 102507 | I71: C2 | J71: 6 | L71: 2 | M71: RIGID | N71: Not on the NHS | O71: Tell City | P71: Chrisney Unit 5,Dale Unit 4 | Q71: Dubois,Spencer,Warrick | R71: 2678 | S71: 352 | T71: Yes | U71: =IF($L71<=2, IF($R71<=RpmDesignStandard!$C$2,RpmDesignStandard!$D$2, IF(AND($R71>RpmDesignStandard!$B$3,$R71<=RpmDesignStandard!$C$3),RpmDesignStandard!$D$3,RpmDesignStandard!$D$4)), IF($R71<=RpmDesignStandard!$C$5, RpmDesignStandard!$D$5, IF(AND($R71>RpmDesignStandard!$B$6,$R71<=RpmDesignStandard!$C$6),RpmDesignStandard!$D$6, IF(AND($R71>RpmDesignStandard!$B$7,$R71<=RpmDesignStandard!$C$7),RpmDesignStandard!$D$7,RpmDesignStandard!$D$8)))) -> 4 | V71: =U71*RpmDesignStandard!$H$1 -> 8 | W71: =VLOOKUP(A71,RPM_ProjectRecord!A:AB,8,FALSE) | X71: =IFERROR(VALUE(LEFT(AE71,4)),"") | Y71: =IFERROR(VALUE(LEFT(AF71,4)),"") | Z71: =IFERROR(VALUE(LEFT(AG71,4)),"") | AA71: =IFERROR(VALUE(LEFT(AH71,4)),"") | AB71: =IFERROR(VALUE(LEFT(AI71,4)),"") | AC71: =IF(VLOOKUP(A71,'3rdPhaseChipSeal'!A:L,12,FALSE)="","",VLOOKUP(A71,'3rdPhaseChipSeal'!A:L,12,FALSE)) | AD71: =IFERROR(IF(VLOOKUP(A71,RpmContracts!A:C,3,FALSE)="","",VLOOKUP(A71,RpmContracts!A:C,3,FALSE)),"") | AE71: =IF(VLOOKUP(A71,'20yPlan'!A:B,2,FALSE)="","",VLOOKUP(A71,'20yPlan'!A:B,2,FALSE)) | AF71: =IF(VLOOKUP(A71,'20yPlan'!A:C,3,FALSE)="","",VLOOKUP(A71,'20yPlan'!A:C,3,FALSE)) | AG71: =IF(VLOOKUP(A71,'20yPlan'!A:D,4,FALSE)="","",VLOOKUP(A71,'20yPlan'!A:D,4,FALSE)) | AH71: =IF(VLOOKUP(A71,'20yPlan'!A:E,5,FALSE)="","",VLOOKUP(A71,'20yPlan'!A:E,5,FALSE)) | AI71: =IF(VLOOKUP(A71,'20yPlan'!A:F,6,FALSE)="","",VLOOKUP(A71,'20yPlan'!A:F,6,FALSE)) | AJ71: =IF(AC71="","",_xlfn.CONCAT(AC71," ","Chip Seal")) | AK71: =IF(AD71="","",_xlfn.CONCAT(AD71," ","RPM Replacement")) | AL71: =IFERROR(U71+W71,YEAR(TODAY())) -> 2025 | AM71: =IF(W71="",AD71,IF(AND(MIN(X71:AD71)<=(W71+V71),MIN(X71:AD71)>W71),MIN(X71:AD71),"")) | AN71: =IF(AM71=X71,AE71,IF(AM71=Y71,AF71,IF(AM71=AC71,AJ71,AK71)))
A72: 60072 | B72: SR 161 | C72: From 3.24 miles North of I-64 (RP 34+49) to SR 64 (RP 38.25) | D72: 34.121599 | E72: 37.809517 | F72: 34 +0.563 | G72: 38 +0.248 | H72: 73263 | I72: C2 | J72: 13 | L72: 2 | M72: RIGID | N72: Not on the NHS | O72: Tell City | P72: Dale Unit 4 | Q72: Dubois | R72: 4014 | S72: 434 | T72: Yes | U72: =IF($L72<=2, IF($R72<=RpmDesignStandard!$C$2,RpmDesignStandard!$D$2, IF(AND($R72>RpmDesignStandard!$B$3,$R72<=RpmDesignStandard!$C$3),RpmDesignStandard!$D$3,RpmDesignStandard!$D$4)), IF($R72<=RpmDesignStandard!$C$5, RpmDesignStandard!$D$5, IF(AND($R72>RpmDesignStandard!$B$6,$R72<=RpmDesignStandard!$C$6),RpmDesignStandard!$D$6, IF(AND($R72>RpmDesignStandard!$B$7,$R72<=RpmDesignStandard!$C$7),RpmDesignStandard!$D$7,RpmDesignStandard!$D$8)))) -> 4 | V72: =U72*RpmDesignStandard!$H$1 -> 8 | W72: =VLOOKUP(A72,RPM_ProjectRecord!A:AB,8,FALSE) -> 2025 | X72: =IFERROR(VALUE(LEFT(AE72,4)),"") | Y72: =IFERROR(VALUE(LEFT(AF72,4)),"") | Z72: =IFERROR(VALUE(LEFT(AG72,4)),"") | AA72: =IFERROR(VALUE(LEFT(AH72,4)),"") | AB72: =IFERROR(VALUE(LEFT(AI72,4)),"") | AC72: =IF(VLOOKUP(A72,'3rdPhaseChipSeal'!A:L,12,FALSE)="","",VLOOKUP(A72,'3rdPhaseChipSeal'!A:L,12,FALSE)) | AD72: =IFERROR(IF(VLOOKUP(A72,RpmContracts!A:C,3,FALSE)="","",VLOOKUP(A72,RpmContracts!A:C,3,FALSE)),"") | AE72: =IF(VLOOKUP(A72,'20yPlan'!A:B,2,FALSE)="","",VLOOKUP(A72,'20yPlan'!A:B,2,FALSE)) | AF72: =IF(VLOOKUP(A72,'20yPlan'!A:C,3,FALSE)="","",VLOOKUP(A72,'20yPlan'!A:C,3,FALSE)) | AG72: =IF(VLOOKUP(A72,'20yPlan'!A:D,4,FALSE)="","",VLOOKUP(A72,'20yPlan'!A:D,4,FALSE)) | AH72: =IF(VLOOKUP(A72,'20yPlan'!A:E,5,FALSE)="","",VLOOKUP(A72,'20yPlan'!A:E,5,FALSE)) | AI72: =IF(VLOOKUP(A72,'20yPlan'!A:F,6,FALSE)="","",VLOOKUP(A72,'20yPlan'!A:F,6,FALSE)) | AJ72: =IF(AC72="","",_xlfn.CONCAT(AC72," ","Chip Seal")) | AK72: =IF(AD72="","",_xlfn.CONCAT(AD72," ","RPM Replacement")) | AL72: =IFERROR(U72+W72,YEAR(TODAY())) -> 2029 | AM72: =IF(W72="",AD72,IF(AND(MIN(X72:AD72)<=(W72+V72),MIN(X72:AD72)>W72),MIN(X72:AD72),"")) | AN72: =IF(AM72=X72,AE72,IF(AM72=Y72,AF72,IF(AM72=AC72,AJ72,AK72)))
A73: 60073 | B73: SR 162 | C73: From SR 62 to E. Jct. SR 245 | D73: 0 | E73: 6.801911 | F73: 0 +0.000 | G73: 6 +0.808 | H73: 144294 | I73: C2 | J73: 15 | K73: 2027 | L73: 2 | M73: FLEX | N73: Not on the NHS | O73: Tell City | P73: Chrisney Unit 5,Dale Unit 4 | Q73: Spencer,Warrick | R73: 2899 | S73: 226 | T73: Yes | U73: =IF($L73<=2, IF($R73<=RpmDesignStandard!$C$2,RpmDesignStandard!$D$2, IF(AND($R73>RpmDesignStandard!$B$3,$R73<=RpmDesignStandard!$C$3),RpmDesignStandard!$D$3,RpmDesignStandard!$D$4)), IF($R73<=RpmDesignStandard!$C$5, RpmDesignStandard!$D$5, IF(AND($R73>RpmDesignStandard!$B$6,$R73<=RpmDesignStandard!$C$6),RpmDesignStandard!$D$6, IF(AND($R73>RpmDesignStandard!$B$7,$R73<=RpmDesignStandard!$C$7),RpmDesignStandard!$D$7,RpmDesignStandard!$D$8)))) -> 4 | V73: =U73*RpmDesignStandard!$H$1 -> 8 | W73: =VLOOKUP(A73,RPM_ProjectRecord!A:AB,8,FALSE) | X73: =IFERROR(VALUE(LEFT(AE73,4)),"") -> 2033 | Y73: =IFERROR(VALUE(LEFT(AF73,4)),"") | Z73: =IFERROR(VALUE(LEFT(AG73,4)),"") | AA73: =IFERROR(VALUE(LEFT(AH73,4)),"") | AB73: =IFERROR(VALUE(LEFT(AI73,4)),"") | AC73: =IF(VLOOKUP(A73,'3rdPhaseChipSeal'!A:L,12,FALSE)="","",VLOOKUP(A73,'3rdPhaseChipSeal'!A:L,12,FALSE)) -> 2034 | AD73: =IFERROR(IF(VLOOKUP(A73,RpmContracts!A:C,3,FALSE)="","",VLOOKUP(A73,RpmContracts!A:C,3,FALSE)),"") | AE73: =IF(VLOOKUP(A73,'20yPlan'!A:B,2,FALSE)="","",VLOOKUP(A73,'20yPlan'!A:B,2,FALSE)) -> 2033 Preventive Maintenance | AF73: =IF(VLOOKUP(A73,'20yPlan'!A:C,3,FALSE)="","",VLOOKUP(A73,'20yPlan'!A:C,3,FALSE)) | AG73: =IF(VLOOKUP(A73,'20yPlan'!A:D,4,FALSE)="","",VLOOKUP(A73,'20yPlan'!A:D,4,FALSE)) | AH73: =IF(VLOOKUP(A73,'20yPlan'!A:E,5,FALSE)="","",VLOOKUP(A73,'20yPlan'!A:E,5,FALSE)) | AI73: =IF(VLOOKUP(A73,'20yPlan'!A:F,6,FALSE)="","",VLOOKUP(A73,'20yPlan'!A:F,6,FALSE)) | AJ73: =IF(AC73="","",_xlfn.CONCAT(AC73," ","Chip Seal")) -> 2034 Chip Seal | AK73: =IF(AD73="","",_xlfn.CONCAT(AD73," ","RPM Replacement")) | AL73: =IFERROR(U73+W73,YEAR(TODAY())) -> 2025 | AM73: =IF(W73="",AD73,IF(AND(MIN(X73:AD73)<=(W73+V73),MIN(X73:AD73)>W73),MIN(X73:AD73),"")) | AN73: =IF(AM73=X73,AE73,IF(AM73=Y73,AF73,IF(AM73=AC73,AJ73,AK73)))
A74: 60074 | B74: SR 162 | C74: From E. Jct. SR 245 to I-64 | D74: 6.801911 | E74: 13.708533 | F74: 6 +0.808 | G74: 13 +0.763 | H74: 193351 | I74: C2 | J74: 2 | K74: 2029 | L74: 2 | M74: FLEX | N74: Not on the NHS | O74: Tell City | P74: Birdseye Unit 3,Dale Unit 4 | Q74: Spencer | R74: 3864 | S74: 350 | T74: Yes | U74: =IF($L74<=2, IF($R74<=RpmDesignStandard!$C$2,RpmDesignStandard!$D$2, IF(AND($R74>RpmDesignStandard!$B$3,$R74<=RpmDesignStandard!$C$3),RpmDesignStandard!$D$3,RpmDesignStandard!$D$4)), IF($R74<=RpmDesignStandard!$C$5, RpmDesignStandard!$D$5, IF(AND($R74>RpmDesignStandard!$B$6,$R74<=RpmDesignStandard!$C$6),RpmDesignStandard!$D$6, IF(AND($R74>RpmDesignStandard!$B$7,$R74<=RpmDesignStandard!$C$7),RpmDesignStandard!$D$7,RpmDesignStandard!$D$8)))) -> 4 | V74: =U74*RpmDesignStandard!$H$1 -> 8 | W74: =VLOOKUP(A74,RPM_ProjectRecord!A:AB,8,FALSE) -> 2021 | X74: =IFERROR(VALUE(LEFT(AE74,4)),"") | Y74: =IFERROR(VALUE(LEFT(AF74,4)),"") | Z74: =IFERROR(VALUE(LEFT(AG74,4)),"") | AA74: =IFERROR(VALUE(LEFT(AH74,4)),"") | AB74: =IFERROR(VALUE(LEFT(AI74,4)),"") | AC74: =IF(VLOOKUP(A74,'3rdPhaseChipSeal'!A:L,12,FALSE)="","",VLOOKUP(A74,'3rdPhaseChipSeal'!A:L,12,FALSE)) -> 2042 | AD74: =IFERROR(IF(VLOOKUP(A74,RpmContracts!A:C,3,FALSE)="","",VLOOKUP(A74,RpmContracts!A:C,3,FALSE)),"") -> 2026 | AE74: =IF(VLOOKUP(A74,'20yPlan'!A:B,2,FALSE)="","",VLOOKUP(A74,'20yPlan'!A:B,2,FALSE)) | AF74: =IF(VLOOKUP(A74,'20yPlan'!A:C,3,FALSE)="","",VLOOKUP(A74,'20yPlan'!A:C,3,FALSE)) | AG74: =IF(VLOOKUP(A74,'20yPlan'!A:D,4,FALSE)="","",VLOOKUP(A74,'20yPlan'!A:D,4,FALSE)) | AH74: =IF(VLOOKUP(A74,'20yPlan'!A:E,5,FALSE)="","",VLOOKUP(A74,'20yPlan'!A:E,5,FALSE)) | AI74: =IF(VLOOKUP(A74,'20yPlan'!A:F,6,FALSE)="","",VLOOKUP(A74,'20yPlan'!A:F,6,FALSE)) | AJ74: =IF(AC74="","",_xlfn.CONCAT(AC74," ","Chip Seal")) -> 2042 Chip Seal | AK74: =IF(AD74="","",_xlfn.CONCAT(AD74," ","RPM Replacement")) -> 2026 RPM Replacement | AL74: =IFERROR(U74+W74,YEAR(TODAY())) -> 2025 | AM74: =IF(W74="",AD74,IF(AND(MIN(X74:AD74)<=(W74+V74),MIN(X74:AD74)>W74),MIN(X74:AD74),"")) -> 2026 | AN74: =IF(AM74=X74,AE74,IF(AM74=Y74,AF74,IF(AM74=AC74,AJ74,AK74))) -> 2026 RPM Replacement
A75: 60075 | B75: SR 162 | C75: From I-64 To 0.10 mi N SR 264 (N. Ferdinand Town Limits) | D75: 13.708533 | E75: 15.994801 | F75: 13 +0.763 | G75: 15 +1.041 | H75: 55576 | I75: C1 | J75: 1 | L75: 2 | M75: FLEX | N75: Not on the NHS | O75: Paoli | P75: Jasper Unit 4 | Q75: Dubois | R75: 8311 | S75: 639 | T75: N/A | U75: =IF($L75<=2, IF($R75<=RpmDesignStandard!$C$2,RpmDesignStandard!$D$2, IF(AND($R75>RpmDesignStandard!$B$3,$R75<=RpmDesignStandard!$C$3),RpmDesignStandard!$D$3,RpmDesignStandard!$D$4)), IF($R75<=RpmDesignStandard!$C$5, RpmDesignStandard!$D$5, IF(AND($R75>RpmDesignStandard!$B$6,$R75<=RpmDesignStandard!$C$6),RpmDesignStandard!$D$6, IF(AND($R75>RpmDesignStandard!$B$7,$R75<=RpmDesignStandard!$C$7),RpmDesignStandard!$D$7,RpmDesignStandard!$D$8)))) -> 3 | V75: =U75*RpmDesignStandard!$H$1 -> 6 | W75: =VLOOKUP(A75,RPM_ProjectRecord!A:AB,8,FALSE) -> 2022 | X75: =IFERROR(VALUE(LEFT(AE75,4)),"") | Y75: =IFERROR(VALUE(LEFT(AF75,4)),"") | Z75: =IFERROR(VALUE(LEFT(AG75,4)),"") | AA75: =IFERROR(VALUE(LEFT(AH75,4)),"") | AB75: =IFERROR(VALUE(LEFT(AI75,4)),"") | AC75: =IF(VLOOKUP(A75,'3rdPhaseChipSeal'!A:L,12,FALSE)="","",VLOOKUP(A75,'3rdPhaseChipSeal'!A:L,12,FALSE)) | AD75: =IFERROR(IF(VLOOKUP(A75,RpmContracts!A:C,3,FALSE)="","",VLOOKUP(A75,RpmContracts!A:C,3,FALSE)),"") | AE75: =IF(VLOOKUP(A75,'20yPlan'!A:B,2,FALSE)="","",VLOOKUP(A75,'20yPlan'!A:B,2,FALSE)) | AF75: =IF(VLOOKUP(A75,'20yPlan'!A:C,3,FALSE)="","",VLOOKUP(A75,'20yPlan'!A:C,3,FALSE)) | AG75: =IF(VLOOKUP(A75,'20yPlan'!A:D,4,FALSE)="","",VLOOKUP(A75,'20yPlan'!A:D,4,FALSE)) | AH75: =IF(VLOOKUP(A75,'20yPlan'!A:E,5,FALSE)="","",VLOOKUP(A75,'20yPlan'!A:E,5,FALSE)) | AI75: =IF(VLOOKUP(A75,'20yPlan'!A:F,6,FALSE)="","",VLOOKUP(A75,'20yPlan'!A:F,6,FALSE)) | AJ75: =IF(AC75="","",_xlfn.CONCAT(AC75," ","Chip Seal")) | AK75: =IF(AD75="","",_xlfn.CONCAT(AD75," ","RPM Replacement")) | AL75: =IFERROR(U75+W75,YEAR(TODAY())) -> 2025 | AM75: =IF(W75="",AD75,IF(AND(MIN(X75:AD75)<=(W75+V75),MIN(X75:AD75)>W75),MIN(X75:AD75),"")) | AN75: =IF(AM75=X75,AE75,IF(AM75=Y75,AF75,IF(AM75=AC75,AJ75,AK75)))
A76: 60076 | B76: SR 162 | C76: From SR 64 to US 231 | D76: 20.585681 | E76: 27.861326 | F76: 20 +0.628 | G76: 27 +0.922 | H76: 172429 | I76: C1 | J76: 16 | K76: 2025 | L76: 2 | M76: FLEX | N76: Not on the NHS | O76: Paoli,Tell City | P76: Dale Unit 4,Jasper Unit 4 | Q76: Dubois | R76: 8168 | S76: 573 | T76: N/A | U76: =IF($L76<=2, IF($R76<=RpmDesignStandard!$C$2,RpmDesignStandard!$D$2, IF(AND($R76>RpmDesignStandard!$B$3,$R76<=RpmDesignStandard!$C$3),RpmDesignStandard!$D$3,RpmDesignStandard!$D$4)), IF($R76<=RpmDesignStandard!$C$5, RpmDesignStandard!$D$5, IF(AND($R76>RpmDesignStandard!$B$6,$R76<=RpmDesignStandard!$C$6),RpmDesignStandard!$D$6, IF(AND($R76>RpmDesignStandard!$B$7,$R76<=RpmDesignStandard!$C$7),RpmDesignStandard!$D$7,RpmDesignStandard!$D$8)))) -> 3 | V76: =U76*RpmDesignStandard!$H$1 -> 6 | W76: =VLOOKUP(A76,RPM_ProjectRecord!A:AB,8,FALSE) | X76: =IFERROR(VALUE(LEFT(AE76,4)),"") | Y76: =IFERROR(VALUE(LEFT(AF76,4)),"") | Z76: =IFERROR(VALUE(LEFT(AG76,4)),"") | AA76: =IFERROR(VALUE(LEFT(AH76,4)),"") | AB76: =IFERROR(VALUE(LEFT(AI76,4)),"") | AC76: =IF(VLOOKUP(A76,'3rdPhaseChipSeal'!A:L,12,FALSE)="","",VLOOKUP(A76,'3rdPhaseChipSeal'!A:L,12,FALSE)) | AD76: =IFERROR(IF(VLOOKUP(A76,RpmContracts!A:C,3,FALSE)="","",VLOOKUP(A76,RpmContracts!A:C,3,FALSE)),"") | AE76: =IF(VLOOKUP(A76,'20yPlan'!A:B,2,FALSE)="","",VLOOKUP(A76,'20yPlan'!A:B,2,FALSE)) | AF76: =IF(VLOOKUP(A76,'20yPlan'!A:C,3,FALSE)="","",VLOOKUP(A76,'20yPlan'!A:C,3,FALSE)) | AG76: =IF(VLOOKUP(A76,'20yPlan'!A:D,4,FALSE)="","",VLOOKUP(A76,'20yPlan'!A:D,4,FALSE)) | AH76: =IF(VLOOKUP(A76,'20yPlan'!A:E,5,FALSE)="","",VLOOKUP(A76,'20yPlan'!A:E,5,FALSE)) | AI76: =IF(VLOOKUP(A76,'20yPlan'!A:F,6,FALSE)="","",VLOOKUP(A76,'20yPlan'!A:F,6,FALSE)) | AJ76: =IF(AC76="","",_xlfn.CONCAT(AC76," ","Chip Seal")) | AK76: =IF(AD76="","",_xlfn.CONCAT(AD76," ","RPM Replacement")) | AL76: =IFERROR(U76+W76,YEAR(TODAY())) -> 2025 | AM76: =IF(W76="",AD76,IF(AND(MIN(X76:AD76)<=(W76+V76),MIN(X76:AD76)>W76),MIN(X76:AD76),"")) | AN76: =IF(AM76=X76,AE76,IF(AM76=Y76,AF76,IF(AM76=AC76,AJ76,AK76)))
A77: 60077 | B77: SR 164 | C77: From 0.51 mi E. of US 231 to SR 545 | D77: 0.511482 | E77: 11.880826 | F77: 0 +0.510 | G77: 11 +0.781 | H77: 189810 | I77: C2 | J77: 6 | K77: 2029 | L77: 2 | M77: FLEX | N77: Not on the NHS | O77: Paoli | P77: Jasper Unit 4,Paoli Unit 1 | Q77: Dubois | R77: 3615 | S77: 188 | T77: N/A | U77: =IF($L77<=2, IF($R77<=RpmDesignStandard!$C$2,RpmDesignStandard!$D$2, IF(AND($R77>RpmDesignStandard!$B$3,$R77<=RpmDesignStandard!$C$3),RpmDesignStandard!$D$3,RpmDesignStandard!$D$4)), IF($R77<=RpmDesignStandard!$C$5, RpmDesignStandard!$D$5, IF(AND($R77>RpmDesignStandard!$B$6,$R77<=RpmDesignStandard!$C$6),RpmDesignStandard!$D$6, IF(AND($R77>RpmDesignStandard!$B$7,$R77<=RpmDesignStandard!$C$7),RpmDesignStandard!$D$7,RpmDesignStandard!$D$8)))) -> 4 | V77: =U77*RpmDesignStandard!$H$1 -> 8 | W77: =VLOOKUP(A77,RPM_ProjectRecord!A:AB,8,FALSE) | X77: =IFERROR(VALUE(LEFT(AE77,4)),"") | Y77: =IFERROR(VALUE(LEFT(AF77,4)),"") | Z77: =IFERROR(VALUE(LEFT(AG77,4)),"") | AA77: =IFERROR(VALUE(LEFT(AH77,4)),"") | AB77: =IFERROR(VALUE(LEFT(AI77,4)),"") | AC77: =IF(VLOOKUP(A77,'3rdPhaseChipSeal'!A:L,12,FALSE)="","",VLOOKUP(A77,'3rdPhaseChipSeal'!A:L,12,FALSE)) -> 2043 | AD77: =IFERROR(IF(VLOOKUP(A77,RpmContracts!A:C,3,FALSE)="","",VLOOKUP(A77,RpmContracts!A:C,3,FALSE)),"") | AE77: =IF(VLOOKUP(A77,'20yPlan'!A:B,2,FALSE)="","",VLOOKUP(A77,'20yPlan'!A:B,2,FALSE)) | AF77: =IF(VLOOKUP(A77,'20yPlan'!A:C,3,FALSE)="","",VLOOKUP(A77,'20yPlan'!A:C,3,FALSE)) | AG77: =IF(VLOOKUP(A77,'20yPlan'!A:D,4,FALSE)="","",VLOOKUP(A77,'20yPlan'!A:D,4,FALSE)) | AH77: =IF(VLOOKUP(A77,'20yPlan'!A:E,5,FALSE)="","",VLOOKUP(A77,'20yPlan'!A:E,5,FALSE)) | AI77: =IF(VLOOKUP(A77,'20yPlan'!A:F,6,FALSE)="","",VLOOKUP(A77,'20yPlan'!A:F,6,FALSE)) | AJ77: =IF(AC77="","",_xlfn.CONCAT(AC77," ","Chip Seal")) -> 2043 Chip Seal | AK77: =IF(AD77="","",_xlfn.CONCAT(AD77," ","RPM Replacement")) | AL77: =IFERROR(U77+W77,YEAR(TODAY())) -> 2025 | AM77: =IF(W77="",AD77,IF(AND(MIN(X77:AD77)<=(W77+V77),MIN(X77:AD77)>W77),MIN(X77:AD77),"")) | AN77: =IF(AM77=X77,AE77,IF(AM77=Y77,AF77,IF(AM77=AC77,AJ77,AK77)))
A78: 60078 | B78: SR 164 | C78: From SR 545 to SR 145 | D78: 11.880826 | E78: 19.095943 | F78: 11 +0.781 | G78: 19 +0.119 | H78: 143946 | I78: C2 | J78: 24 | K78: 2027 | L78: 2 | M78: FLEX | N78: Not on the NHS | O78: Paoli | P78: Jasper Unit 4,Paoli Unit 1 | Q78: Crawford,Dubois | R78: 1739 | S78: 190 | T78: Yes | U78: =IF($L78<=2, IF($R78<=RpmDesignStandard!$C$2,RpmDesignStandard!$D$2, IF(AND($R78>RpmDesignStandard!$B$3,$R78<=RpmDesignStandard!$C$3),RpmDesignStandard!$D$3,RpmDesignStandard!$D$4)), IF($R78<=RpmDesignStandard!$C$5, RpmDesignStandard!$D$5, IF(AND($R78>RpmDesignStandard!$B$6,$R78<=RpmDesignStandard!$C$6),RpmDesignStandard!$D$6, IF(AND($R78>RpmDesignStandard!$B$7,$R78<=RpmDesignStandard!$C$7),RpmDesignStandard!$D$7,RpmDesignStandard!$D$8)))) -> 4 | V78: =U78*RpmDesignStandard!$H$1 -> 8 | W78: =VLOOKUP(A78,RPM_ProjectRecord!A:AB,8,FALSE) | X78: =IFERROR(VALUE(LEFT(AE78,4)),"") | Y78: =IFERROR(VALUE(LEFT(AF78,4)),"") | Z78: =IFERROR(VALUE(LEFT(AG78,4)),"") | AA78: =IFERROR(VALUE(LEFT(AH78,4)),"") | AB78: =IFERROR(VALUE(LEFT(AI78,4)),"") | AC78: =IF(VLOOKUP(A78,'3rdPhaseChipSeal'!A:L,12,FALSE)="","",VLOOKUP(A78,'3rdPhaseChipSeal'!A:L,12,FALSE)) -> 2027 | AD78: =IFERROR(IF(VLOOKUP(A78,RpmContracts!A:C,3,FALSE)="","",VLOOKUP(A78,RpmContracts!A:C,3,FALSE)),"") | AE78: =IF(VLOOKUP(A78,'20yPlan'!A:B,2,FALSE)="","",VLOOKUP(A78,'20yPlan'!A:B,2,FALSE)) | AF78: =IF(VLOOKUP(A78,'20yPlan'!A:C,3,FALSE)="","",VLOOKUP(A78,'20yPlan'!A:C,3,FALSE)) | AG78: =IF(VLOOKUP(A78,'20yPlan'!A:D,4,FALSE)="","",VLOOKUP(A78,'20yPlan'!A:D,4,FALSE)) | AH78: =IF(VLOOKUP(A78,'20yPlan'!A:E,5,FALSE)="","",VLOOKUP(A78,'20yPlan'!A:E,5,FALSE)) | AI78: =IF(VLOOKUP(A78,'20yPlan'!A:F,6,FALSE)="","",VLOOKUP(A78,'20yPlan'!A:F,6,FALSE)) | AJ78: =IF(AC78="","",_xlfn.CONCAT(AC78," ","Chip Seal")) -> 2027 Chip Seal | AK78: =IF(AD78="","",_xlfn.CONCAT(AD78," ","RPM Replacement")) | AL78: =IFERROR(U78+W78,YEAR(TODAY())) -> 2025 | AM78: =IF(W78="",AD78,IF(AND(MIN(X78:AD78)<=(W78+V78),MIN(X78:AD78)>W78),MIN(X78:AD78),"")) | AN78: =IF(AM78=X78,AE78,IF(AM78=Y78,AF78,IF(AM78=AC78,AJ78,AK78)))
A79: 60079 | B79: SR 165 | C79: From SR 66 to W. Jct. SR 68 | D79: 0 | E79: 3.821572 | F79: 0 +0.000 | G79: 3 +0.867 | H79: 60875 | I79: C2 | J79: 11 | K79: 2026 | L79: 2 | M79: FLEX | N79: Not on the NHS | O79: Evansville | P79: Poseyville Unit 3 | Q79: Posey | R79: 3250 | S79: 174 | T79: Yes | U79: =IF($L79<=2, IF($R79<=RpmDesignStandard!$C$2,RpmDesignStandard!$D$2, IF(AND($R79>RpmDesignStandard!$B$3,$R79<=RpmDesignStandard!$C$3),RpmDesignStandard!$D$3,RpmDesignStandard!$D$4)), IF($R79<=RpmDesignStandard!$C$5, RpmDesignStandard!$D$5, IF(AND($R79>RpmDesignStandard!$B$6,$R79<=RpmDesignStandard!$C$6),RpmDesignStandard!$D$6, IF(AND($R79>RpmDesignStandard!$B$7,$R79<=RpmDesignStandard!$C$7),RpmDesignStandard!$D$7,RpmDesignStandard!$D$8)))) -> 4 | V79: =U79*RpmDesignStandard!$H$1 -> 8 | W79: =VLOOKUP(A79,RPM_ProjectRecord!A:AB,8,FALSE) | X79: =IFERROR(VALUE(LEFT(AE79,4)),"") | Y79: =IFERROR(VALUE(LEFT(AF79,4)),"") | Z79: =IFERROR(VALUE(LEFT(AG79,4)),"") | AA79: =IFERROR(VALUE(LEFT(AH79,4)),"") | AB79: =IFERROR(VALUE(LEFT(AI79,4)),"") | AC79: =IF(VLOOKUP(A79,'3rdPhaseChipSeal'!A:L,12,FALSE)="","",VLOOKUP(A79,'3rdPhaseChipSeal'!A:L,12,FALSE)) -> 2034 | AD79: =IFERROR(IF(VLOOKUP(A79,RpmContracts!A:C,3,FALSE)="","",VLOOKUP(A79,RpmContracts!A:C,3,FALSE)),"") -> 2026 | AE79: =IF(VLOOKUP(A79,'20yPlan'!A:B,2,FALSE)="","",VLOOKUP(A79,'20yPlan'!A:B,2,FALSE)) | AF79: =IF(VLOOKUP(A79,'20yPlan'!A:C,3,FALSE)="","",VLOOKUP(A79,'20yPlan'!A:C,3,FALSE)) | AG79: =IF(VLOOKUP(A79,'20yPlan'!A:D,4,FALSE)="","",VLOOKUP(A79,'20yPlan'!A:D,4,FALSE)) | AH79: =IF(VLOOKUP(A79,'20yPlan'!A:E,5,FALSE)="","",VLOOKUP(A79,'20yPlan'!A:E,5,FALSE)) | AI79: =IF(VLOOKUP(A79,'20yPlan'!A:F,6,FALSE)="","",VLOOKUP(A79,'20yPlan'!A:F,6,FALSE)) | AJ79: =IF(AC79="","",_xlfn.CONCAT(AC79," ","Chip Seal")) -> 2034 Chip Seal | AK79: =IF(AD79="","",_xlfn.CONCAT(AD79," ","RPM Replacement")) -> 2026 RPM Replacement | AL79: =IFERROR(U79+W79,YEAR(TODAY())) -> 2025 | AM79: =IF(W79="",AD79,IF(AND(MIN(X79:AD79)<=(W79+V79),MIN(X79:AD79)>W79),MIN(X79:AD79),"")) -> 2026 | AN79: =IF(AM79=X79,AE79,IF(AM79=Y79,AF79,IF(AM79=AC79,AJ79,AK79))) -> 2026 RPM Replacement
A80: 60080 | B80: SR 165 | C80: From E. Jct SR 68 to 0.47 mi W. SR 65 (W. City Limits Owensville) | D80: 3.822572 | E80: 15.731255 | F80: 3 +0.868 | G80: 16 +0.731 | H80: 199912 | I80: C2 | J80: 4 | K80: 2027 | L80: 2 | M80: FLEX | N80: Not on the NHS | O80: Evansville | P80: Boyle Lane Unit 2,Poseyville Unit 3 | Q80: Gibson,Posey | R80: 1890 | S80: 217 | T80: No | U80: =IF($L80<=2, IF($R80<=RpmDesignStandard!$C$2,RpmDesignStandard!$D$2, IF(AND($R80>RpmDesignStandard!$B$3,$R80<=RpmDesignStandard!$C$3),RpmDesignStandard!$D$3,RpmDesignStandard!$D$4)), IF($R80<=RpmDesignStandard!$C$5, RpmDesignStandard!$D$5, IF(AND($R80>RpmDesignStandard!$B$6,$R80<=RpmDesignStandard!$C$6),RpmDesignStandard!$D$6, IF(AND($R80>RpmDesignStandard!$B$7,$R80<=RpmDesignStandard!$C$7),RpmDesignStandard!$D$7,RpmDesignStandard!$D$8)))) -> 4 | V80: =U80*RpmDesignStandard!$H$1 -> 8 | W80: =VLOOKUP(A80,RPM_ProjectRecord!A:AB,8,FALSE) | X80: =IFERROR(VALUE(LEFT(AE80,4)),"") | Y80: =IFERROR(VALUE(LEFT(AF80,4)),"") | Z80: =IFERROR(VALUE(LEFT(AG80,4)),"") | AA80: =IFERROR(VALUE(LEFT(AH80,4)),"") | AB80: =IFERROR(VALUE(LEFT(AI80,4)),"") | AC80: =IF(VLOOKUP(A80,'3rdPhaseChipSeal'!A:L,12,FALSE)="","",VLOOKUP(A80,'3rdPhaseChipSeal'!A:L,12,FALSE)) | AD80: =IFERROR(IF(VLOOKUP(A80,RpmContracts!A:C,3,FALSE)="","",VLOOKUP(A80,RpmContracts!A:C,3,FALSE)),"") | AE80: =IF(VLOOKUP(A80,'20yPlan'!A:B,2,FALSE)="","",VLOOKUP(A80,'20yPlan'!A:B,2,FALSE)) | AF80: =IF(VLOOKUP(A80,'20yPlan'!A:C,3,FALSE)="","",VLOOKUP(A80,'20yPlan'!A:C,3,FALSE)) | AG80: =IF(VLOOKUP(A80,'20yPlan'!A:D,4,FALSE)="","",VLOOKUP(A80,'20yPlan'!A:D,4,FALSE)) | AH80: =IF(VLOOKUP(A80,'20yPlan'!A:E,5,FALSE)="","",VLOOKUP(A80,'20yPlan'!A:E,5,FALSE)) | AI80: =IF(VLOOKUP(A80,'20yPlan'!A:F,6,FALSE)="","",VLOOKUP(A80,'20yPlan'!A:F,6,FALSE)) | AJ80: =IF(AC80="","",_xlfn.CONCAT(AC80," ","Chip Seal")) | AK80: =IF(AD80="","",_xlfn.CONCAT(AD80," ","RPM Replacement")) | AL80: =IFERROR(U80+W80,YEAR(TODAY())) -> 2025 | AM80: =IF(W80="",AD80,IF(AND(MIN(X80:AD80)<=(W80+V80),MIN(X80:AD80)>W80),MIN(X80:AD80),"")) | AN80: =IF(AM80=X80,AE80,IF(AM80=Y80,AF80,IF(AM80=AC80,AJ80,AK80)))
A81: 60081 | B81: SR 166 | C81: From SR 66 to End of Rd (Tobinsport) | D81: 0 | E81: 6.359783 | F81: 0 +0.000 | G81: 6 +0.410 | H81: 92063 | I81: C2 | J81: 18 | K81: 2031 | L81: 2 | M81: FLEX | N81: Not on the NHS | O81: Tell City | P81: Derby Unit 2 | Q81: Perry | R81: 308 | S81: 29 | T81: Yes | U81: =IF($L81<=2, IF($R81<=RpmDesignStandard!$C$2,RpmDesignStandard!$D$2, IF(AND($R81>RpmDesignStandard!$B$3,$R81<=RpmDesignStandard!$C$3),RpmDesignStandard!$D$3,RpmDesignStandard!$D$4)), IF($R81<=RpmDesignStandard!$C$5, RpmDesignStandard!$D$5, IF(AND($R81>RpmDesignStandard!$B$6,$R81<=RpmDesignStandard!$C$6),RpmDesignStandard!$D$6, IF(AND($R81>RpmDesignStandard!$B$7,$R81<=RpmDesignStandard!$C$7),RpmDesignStandard!$D$7,RpmDesignStandard!$D$8)))) -> 4 | V81: =U81*RpmDesignStandard!$H$1 -> 8 | W81: =VLOOKUP(A81,RPM_ProjectRecord!A:AB,8,FALSE) | X81: =IFERROR(VALUE(LEFT(AE81,4)),"") | Y81: =IFERROR(VALUE(LEFT(AF81,4)),"") | Z81: =IFERROR(VALUE(LEFT(AG81,4)),"") | AA81: =IFERROR(VALUE(LEFT(AH81,4)),"") | AB81: =IFERROR(VALUE(LEFT(AI81,4)),"") | AC81: =IF(VLOOKUP(A81,'3rdPhaseChipSeal'!A:L,12,FALSE)="","",VLOOKUP(A81,'3rdPhaseChipSeal'!A:L,12,FALSE)) | AD81: =IFERROR(IF(VLOOKUP(A81,RpmContracts!A:C,3,FALSE)="","",VLOOKUP(A81,RpmContracts!A:C,3,FALSE)),"") | AE81: =IF(VLOOKUP(A81,'20yPlan'!A:B,2,FALSE)="","",VLOOKUP(A81,'20yPlan'!A:B,2,FALSE)) | AF81: =IF(VLOOKUP(A81,'20yPlan'!A:C,3,FALSE)="","",VLOOKUP(A81,'20yPlan'!A:C,3,FALSE)) | AG81: =IF(VLOOKUP(A81,'20yPlan'!A:D,4,FALSE)="","",VLOOKUP(A81,'20yPlan'!A:D,4,FALSE)) | AH81: =IF(VLOOKUP(A81,'20yPlan'!A:E,5,FALSE)="","",VLOOKUP(A81,'20yPlan'!A:E,5,FALSE)) | AI81: =IF(VLOOKUP(A81,'20yPlan'!A:F,6,FALSE)="","",VLOOKUP(A81,'20yPlan'!A:F,6,FALSE)) | AJ81: =IF(AC81="","",_xlfn.CONCAT(AC81," ","Chip Seal")) | AK81: =IF(AD81="","",_xlfn.CONCAT(AD81," ","RPM Replacement")) | AL81: =IFERROR(U81+W81,YEAR(TODAY())) -> 2025 | AM81: =IF(W81="",AD81,IF(AND(MIN(X81:AD81)<=(W81+V81),MIN(X81:AD81)>W81),MIN(X81:AD81),"")) | AN81: =IF(AM81=X81,AE81,IF(AM81=Y81,AF81,IF(AM81=AC81,AJ81,AK81)))
A82: 60082 | B82: SR 168 | C82: From 0.73 mi E. SR 65 (Owensville E. City Limits) to US 41 | D82: 0.733861 | E82: 7.67203 | F82: 0 +0.733 | G82: 7 +0.696 | H82: 129295 | I82: C2 | J82: 20 | K82: 2028 | L82: 2 | M82: FLEX | N82: Not on the NHS | O82: Evansville,Vincennes | P82: Boyle Lane Unit 2,Oakland City Unit | Q82: Gibson | R82: 3812 | S82: 458 | T82: Yes | U82: =IF($L82<=2, IF($R82<=RpmDesignStandard!$C$2,RpmDesignStandard!$D$2, IF(AND($R82>RpmDesignStandard!$B$3,$R82<=RpmDesignStandard!$C$3),RpmDesignStandard!$D$3,RpmDesignStandard!$D$4)), IF($R82<=RpmDesignStandard!$C$5, RpmDesignStandard!$D$5, IF(AND($R82>RpmDesignStandard!$B$6,$R82<=RpmDesignStandard!$C$6),RpmDesignStandard!$D$6, IF(AND($R82>RpmDesignStandard!$B$7,$R82<=RpmDesignStandard!$C$7),RpmDesignStandard!$D$7,RpmDesignStandard!$D$8)))) -> 4 | V82: =U82*RpmDesignStandard!$H$1 -> 8 | W82: =VLOOKUP(A82,RPM_ProjectRecord!A:AB,8,FALSE) -> 2024 | X82: =IFERROR(VALUE(LEFT(AE82,4)),"") | Y82: =IFERROR(VALUE(LEFT(AF82,4)),"") | Z82: =IFERROR(VALUE(LEFT(AG82,4)),"") | AA82: =IFERROR(VALUE(LEFT(AH82,4)),"") | AB82: =IFERROR(VALUE(LEFT(AI82,4)),"") | AC82: =IF(VLOOKUP(A82,'3rdPhaseChipSeal'!A:L,12,FALSE)="","",VLOOKUP(A82,'3rdPhaseChipSeal'!A:L,12,FALSE)) | AD82: =IFERROR(IF(VLOOKUP(A82,RpmContracts!A:C,3,FALSE)="","",VLOOKUP(A82,RpmContracts!A:C,3,FALSE)),"") | AE82: =IF(VLOOKUP(A82,'20yPlan'!A:B,2,FALSE)="","",VLOOKUP(A82,'20yPlan'!A:B,2,FALSE)) | AF82: =IF(VLOOKUP(A82,'20yPlan'!A:C,3,FALSE)="","",VLOOKUP(A82,'20yPlan'!A:C,3,FALSE)) | AG82: =IF(VLOOKUP(A82,'20yPlan'!A:D,4,FALSE)="","",VLOOKUP(A82,'20yPlan'!A:D,4,FALSE)) | AH82: =IF(VLOOKUP(A82,'20yPlan'!A:E,5,FALSE)="","",VLOOKUP(A82,'20yPlan'!A:E,5,FALSE)) | AI82: =IF(VLOOKUP(A82,'20yPlan'!A:F,6,FALSE)="","",VLOOKUP(A82,'20yPlan'!A:F,6,FALSE)) | AJ82: =IF(AC82="","",_xlfn.CONCAT(AC82," ","Chip Seal")) | AK82: =IF(AD82="","",_xlfn.CONCAT(AD82," ","RPM Replacement")) | AL82: =IFERROR(U82+W82,YEAR(TODAY())) -> 2028 | AM82: =IF(W82="",AD82,IF(AND(MIN(X82:AD82)<=(W82+V82),MIN(X82:AD82)>W82),MIN(X82:AD82),"")) | AN82: =IF(AM82=X82,AE82,IF(AM82=Y82,AF82,IF(AM82=AC82,AJ82,AK82)))
A83: 60083 | B83: SR 168 | C83: From US 41 to SR 57 | D83: 7.67203 | E83: 17.17875 | F83: 7 +0.696 | G83: 17 +0.271 | H83: 156604 | I83: C1 | J83: 14 | L83: 2 | M83: FLEX | N83: Not on the NHS | O83: Evansville,Vincennes | P83: Boyle Lane Unit 2,Oakland City Unit | Q83: Gibson,Pike | R83: 4677 | S83: 563 | T83: N/A | U83: =IF($L83<=2, IF($R83<=RpmDesignStandard!$C$2,RpmDesignStandard!$D$2, IF(AND($R83>RpmDesignStandard!$B$3,$R83<=RpmDesignStandard!$C$3),RpmDesignStandard!$D$3,RpmDesignStandard!$D$4)), IF($R83<=RpmDesignStandard!$C$5, RpmDesignStandard!$D$5, IF(AND($R83>RpmDesignStandard!$B$6,$R83<=RpmDesignStandard!$C$6),RpmDesignStandard!$D$6, IF(AND($R83>RpmDesignStandard!$B$7,$R83<=RpmDesignStandard!$C$7),RpmDesignStandard!$D$7,RpmDesignStandard!$D$8)))) -> 4 | V83: =U83*RpmDesignStandard!$H$1 -> 8 | W83: =VLOOKUP(A83,RPM_ProjectRecord!A:AB,8,FALSE) | X83: =IFERROR(VALUE(LEFT(AE83,4)),"") | Y83: =IFERROR(VALUE(LEFT(AF83,4)),"") | Z83: =IFERROR(VALUE(LEFT(AG83,4)),"") | AA83: =IFERROR(VALUE(LEFT(AH83,4)),"") | AB83: =IFERROR(VALUE(LEFT(AI83,4)),"") | AC83: =IF(VLOOKUP(A83,'3rdPhaseChipSeal'!A:L,12,FALSE)="","",VLOOKUP(A83,'3rdPhaseChipSeal'!A:L,12,FALSE)) | AD83: =IFERROR(IF(VLOOKUP(A83,RpmContracts!A:C,3,FALSE)="","",VLOOKUP(A83,RpmContracts!A:C,3,FALSE)),"") -> 2026 | AE83: =IF(VLOOKUP(A83,'20yPlan'!A:B,2,FALSE)="","",VLOOKUP(A83,'20yPlan'!A:B,2,FALSE)) | AF83: =IF(VLOOKUP(A83,'20yPlan'!A:C,3,FALSE)="","",VLOOKUP(A83,'20yPlan'!A:C,3,FALSE)) | AG83: =IF(VLOOKUP(A83,'20yPlan'!A:D,4,FALSE)="","",VLOOKUP(A83,'20yPlan'!A:D,4,FALSE)) | AH83: =IF(VLOOKUP(A83,'20yPlan'!A:E,5,FALSE)="","",VLOOKUP(A83,'20yPlan'!A:E,5,FALSE)) | AI83: =IF(VLOOKUP(A83,'20yPlan'!A:F,6,FALSE)="","",VLOOKUP(A83,'20yPlan'!A:F,6,FALSE)) | AJ83: =IF(AC83="","",_xlfn.CONCAT(AC83," ","Chip Seal")) | AK83: =IF(AD83="","",_xlfn.CONCAT(AD83," ","RPM Replacement")) -> 2026 RPM Replacement | AL83: =IFERROR(U83+W83,YEAR(TODAY())) -> 2025 | AM83: =IF(W83="",AD83,IF(AND(MIN(X83:AD83)<=(W83+V83),MIN(X83:AD83)>W83),MIN(X83:AD83),"")) -> 2026 | AN83: =IF(AM83=X83,AE83,IF(AM83=Y83,AF83,IF(AM83=AC83,AJ83,AK83))) -> 2026 RPM Replacement
A84: 60085 | B84: SR 241 | C84: From US 41 to W Jct. SR 61 | D84: 0 | E84: 13.650121 | F84: 0 +0.000 | G84: 13 +0.713 | H84: 207269 | I84: C2 | J84: 4 | K84: 2028 | L84: 2 | M84: FLEX | N84: Not on the NHS | O84: Vincennes | P84: Oakland City Unit,Vincennes Unit 2 | Q84: Gibson,Knox | R84: 289 | S84: 34 | T84: Yes | U84: =IF($L84<=2, IF($R84<=RpmDesignStandard!$C$2,RpmDesignStandard!$D$2, IF(AND($R84>RpmDesignStandard!$B$3,$R84<=RpmDesignStandard!$C$3),RpmDesignStandard!$D$3,RpmDesignStandard!$D$4)), IF($R84<=RpmDesignStandard!$C$5, RpmDesignStandard!$D$5, IF(AND($R84>RpmDesignStandard!$B$6,$R84<=RpmDesignStandard!$C$6),RpmDesignStandard!$D$6, IF(AND($R84>RpmDesignStandard!$B$7,$R84<=RpmDesignStandard!$C$7),RpmDesignStandard!$D$7,RpmDesignStandard!$D$8)))) -> 4 | V84: =U84*RpmDesignStandard!$H$1 -> 8 | W84: =VLOOKUP(A84,RPM_ProjectRecord!A:AB,8,FALSE) | X84: =IFERROR(VALUE(LEFT(AE84,4)),"") | Y84: =IFERROR(VALUE(LEFT(AF84,4)),"") | Z84: =IFERROR(VALUE(LEFT(AG84,4)),"") | AA84: =IFERROR(VALUE(LEFT(AH84,4)),"") | AB84: =IFERROR(VALUE(LEFT(AI84,4)),"") | AC84: =IF(VLOOKUP(A84,'3rdPhaseChipSeal'!A:L,12,FALSE)="","",VLOOKUP(A84,'3rdPhaseChipSeal'!A:L,12,FALSE)) -> 2042 | AD84: =IFERROR(IF(VLOOKUP(A84,RpmContracts!A:C,3,FALSE)="","",VLOOKUP(A84,RpmContracts!A:C,3,FALSE)),"") | AE84: =IF(VLOOKUP(A84,'20yPlan'!A:B,2,FALSE)="","",VLOOKUP(A84,'20yPlan'!A:B,2,FALSE)) | AF84: =IF(VLOOKUP(A84,'20yPlan'!A:C,3,FALSE)="","",VLOOKUP(A84,'20yPlan'!A:C,3,FALSE)) | AG84: =IF(VLOOKUP(A84,'20yPlan'!A:D,4,FALSE)="","",VLOOKUP(A84,'20yPlan'!A:D,4,FALSE)) | AH84: =IF(VLOOKUP(A84,'20yPlan'!A:E,5,FALSE)="","",VLOOKUP(A84,'20yPlan'!A:E,5,FALSE)) | AI84: =IF(VLOOKUP(A84,'20yPlan'!A:F,6,FALSE)="","",VLOOKUP(A84,'20yPlan'!A:F,6,FALSE)) | AJ84: =IF(AC84="","",_xlfn.CONCAT(AC84," ","Chip Seal")) -> 2042 Chip Seal | AK84: =IF(AD84="","",_xlfn.CONCAT(AD84," ","RPM Replacement")) | AL84: =IFERROR(U84+W84,YEAR(TODAY())) -> 2025 | AM84: =IF(W84="",AD84,IF(AND(MIN(X84:AD84)<=(W84+V84),MIN(X84:AD84)>W84),MIN(X84:AD84),"")) | AN84: =IF(AM84=X84,AE84,IF(AM84=Y84,AF84,IF(AM84=AC84,AJ84,AK84)))
A85: 60086 | B85: SR 241 | C85: From E. Jct. SR 61 to US 50 | D85: 13.651121 | E85: 17.571005 | F85: 13 +0.714 | G85: 18 +0.046 | H85: 66929 | I85: C2 | J85: 17 | K85: 2027 | L85: 2 | M85: FLEX | N85: Not on the NHS | O85: Vincennes | P85: Oakland City Unit,Vincennes Unit 2 | Q85: Knox | R85: 1432 | S85: 171 | T85: Yes | U85: =IF($L85<=2, IF($R85<=RpmDesignStandard!$C$2,RpmDesignStandard!$D$2, IF(AND($R85>RpmDesignStandard!$B$3,$R85<=RpmDesignStandard!$C$3),RpmDesignStandard!$D$3,RpmDesignStandard!$D$4)), IF($R85<=RpmDesignStandard!$C$5, RpmDesignStandard!$D$5, IF(AND($R85>RpmDesignStandard!$B$6,$R85<=RpmDesignStandard!$C$6),RpmDesignStandard!$D$6, IF(AND($R85>RpmDesignStandard!$B$7,$R85<=RpmDesignStandard!$C$7),RpmDesignStandard!$D$7,RpmDesignStandard!$D$8)))) -> 4 | V85: =U85*RpmDesignStandard!$H$1 -> 8 | W85: =VLOOKUP(A85,RPM_ProjectRecord!A:AB,8,FALSE) | X85: =IFERROR(VALUE(LEFT(AE85,4)),"") | Y85: =IFERROR(VALUE(LEFT(AF85,4)),"") | Z85: =IFERROR(VALUE(LEFT(AG85,4)),"") | AA85: =IFERROR(VALUE(LEFT(AH85,4)),"") | AB85: =IFERROR(VALUE(LEFT(AI85,4)),"") | AC85: =IF(VLOOKUP(A85,'3rdPhaseChipSeal'!A:L,12,FALSE)="","",VLOOKUP(A85,'3rdPhaseChipSeal'!A:L,12,FALSE)) -> 2027 | AD85: =IFERROR(IF(VLOOKUP(A85,RpmContracts!A:C,3,FALSE)="","",VLOOKUP(A85,RpmContracts!A:C,3,FALSE)),"") | AE85: =IF(VLOOKUP(A85,'20yPlan'!A:B,2,FALSE)="","",VLOOKUP(A85,'20yPlan'!A:B,2,FALSE)) | AF85: =IF(VLOOKUP(A85,'20yPlan'!A:C,3,FALSE)="","",VLOOKUP(A85,'20yPlan'!A:C,3,FALSE)) | AG85: =IF(VLOOKUP(A85,'20yPlan'!A:D,4,FALSE)="","",VLOOKUP(A85,'20yPlan'!A:D,4,FALSE)) | AH85: =IF(VLOOKUP(A85,'20yPlan'!A:E,5,FALSE)="","",VLOOKUP(A85,'20yPlan'!A:E,5,FALSE)) | AI85: =IF(VLOOKUP(A85,'20yPlan'!A:F,6,FALSE)="","",VLOOKUP(A85,'20yPlan'!A:F,6,FALSE)) | AJ85: =IF(AC85="","",_xlfn.CONCAT(AC85," ","Chip Seal")) -> 2027 Chip Seal | AK85: =IF(AD85="","",_xlfn.CONCAT(AD85," ","RPM Replacement")) | AL85: =IFERROR(U85+W85,YEAR(TODAY())) -> 2025 | AM85: =IF(W85="",AD85,IF(AND(MIN(X85:AD85)<=(W85+V85),MIN(X85:AD85)>W85),MIN(X85:AD85),"")) | AN85: =IF(AM85=X85,AE85,IF(AM85=Y85,AF85,IF(AM85=AC85,AJ85,AK85)))
A86: 60087 | B86: SR 245 | C86: From SR 70 to 3.51 mi S E. Jct. SR 162 (Crooked Creek Bridge) | D86: 0 | E86: 4.924937 | F86: 1 -1.063 | G86: 5 +0.036 | H86: 91856 | I86: C2 | J86: 13 | K86: 2027 | L86: 2 | M86: FLEX | N86: Not on the NHS | O86: Tell City | P86: Chrisney Unit 5 | Q86: Spencer | R86: 1781 | S86: 193 | T86: Yes | U86: =IF($L86<=2, IF($R86<=RpmDesignStandard!$C$2,RpmDesignStandard!$D$2, IF(AND($R86>RpmDesignStandard!$B$3,$R86<=RpmDesignStandard!$C$3),RpmDesignStandard!$D$3,RpmDesignStandard!$D$4)), IF($R86<=RpmDesignStandard!$C$5, RpmDesignStandard!$D$5, IF(AND($R86>RpmDesignStandard!$B$6,$R86<=RpmDesignStandard!$C$6),RpmDesignStandard!$D$6, IF(AND($R86>RpmDesignStandard!$B$7,$R86<=RpmDesignStandard!$C$7),RpmDesignStandard!$D$7,RpmDesignStandard!$D$8)))) -> 4 | V86: =U86*RpmDesignStandard!$H$1 -> 8 | W86: =VLOOKUP(A86,RPM_ProjectRecord!A:AB,8,FALSE) | X86: =IFERROR(VALUE(LEFT(AE86,4)),"") | Y86: =IFERROR(VALUE(LEFT(AF86,4)),"") | Z86: =IFERROR(VALUE(LEFT(AG86,4)),"") | AA86: =IFERROR(VALUE(LEFT(AH86,4)),"") | AB86: =IFERROR(VALUE(LEFT(AI86,4)),"") | AC86: =IF(VLOOKUP(A86,'3rdPhaseChipSeal'!A:L,12,FALSE)="","",VLOOKUP(A86,'3rdPhaseChipSeal'!A:L,12,FALSE)) -> 2033 | AD86: =IFERROR(IF(VLOOKUP(A86,RpmContracts!A:C,3,FALSE)="","",VLOOKUP(A86,RpmContracts!A:C,3,FALSE)),"") | AE86: =IF(VLOOKUP(A86,'20yPlan'!A:B,2,FALSE)="","",VLOOKUP(A86,'20yPlan'!A:B,2,FALSE)) | AF86: =IF(VLOOKUP(A86,'20yPlan'!A:C,3,FALSE)="","",VLOOKUP(A86,'20yPlan'!A:C,3,FALSE)) | AG86: =IF(VLOOKUP(A86,'20yPlan'!A:D,4,FALSE)="","",VLOOKUP(A86,'20yPlan'!A:D,4,FALSE)) | AH86: =IF(VLOOKUP(A86,'20yPlan'!A:E,5,FALSE)="","",VLOOKUP(A86,'20yPlan'!A:E,5,FALSE)) | AI86: =IF(VLOOKUP(A86,'20yPlan'!A:F,6,FALSE)="","",VLOOKUP(A86,'20yPlan'!A:F,6,FALSE)) | AJ86: =IF(AC86="","",_xlfn.CONCAT(AC86," ","Chip Seal")) -> 2033 Chip Seal | AK86: =IF(AD86="","",_xlfn.CONCAT(AD86," ","RPM Replacement")) | AL86: =IFERROR(U86+W86,YEAR(TODAY())) -> 2025 | AM86: =IF(W86="",AD86,IF(AND(MIN(X86:AD86)<=(W86+V86),MIN(X86:AD86)>W86),MIN(X86:AD86),"")) | AN86: =IF(AM86=X86,AE86,IF(AM86=Y86,AF86,IF(AM86=AC86,AJ86,AK86)))
A87: 60088 | B87: SR 245 | C87: From W. Jct. SR 162 to SR 62 | D87: 8.138343 | E87: 12.731624 | F87: 8 +0.430 | G87: 13 +0.562 | H87: 67835 | I87: C2 | J87: 22 | K87: 2026 | L87: 2 | M87: FLEX | N87: Not on the NHS | O87: Tell City | P87: Dale Unit 4 | Q87: Spencer | R87: 743 | S87: 40 | T87: Yes | U87: =IF($L87<=2, IF($R87<=RpmDesignStandard!$C$2,RpmDesignStandard!$D$2, IF(AND($R87>RpmDesignStandard!$B$3,$R87<=RpmDesignStandard!$C$3),RpmDesignStandard!$D$3,RpmDesignStandard!$D$4)), IF($R87<=RpmDesignStandard!$C$5, RpmDesignStandard!$D$5, IF(AND($R87>RpmDesignStandard!$B$6,$R87<=RpmDesignStandard!$C$6),RpmDesignStandard!$D$6, IF(AND($R87>RpmDesignStandard!$B$7,$R87<=RpmDesignStandard!$C$7),RpmDesignStandard!$D$7,RpmDesignStandard!$D$8)))) -> 4 | V87: =U87*RpmDesignStandard!$H$1 -> 8 | W87: =VLOOKUP(A87,RPM_ProjectRecord!A:AB,8,FALSE) | X87: =IFERROR(VALUE(LEFT(AE87,4)),"") | Y87: =IFERROR(VALUE(LEFT(AF87,4)),"") | Z87: =IFERROR(VALUE(LEFT(AG87,4)),"") | AA87: =IFERROR(VALUE(LEFT(AH87,4)),"") | AB87: =IFERROR(VALUE(LEFT(AI87,4)),"") | AC87: =IF(VLOOKUP(A87,'3rdPhaseChipSeal'!A:L,12,FALSE)="","",VLOOKUP(A87,'3rdPhaseChipSeal'!A:L,12,FALSE)) -> 2026 | AD87: =IFERROR(IF(VLOOKUP(A87,RpmContracts!A:C,3,FALSE)="","",VLOOKUP(A87,RpmContracts!A:C,3,FALSE)),"") | AE87: =IF(VLOOKUP(A87,'20yPlan'!A:B,2,FALSE)="","",VLOOKUP(A87,'20yPlan'!A:B,2,FALSE)) | AF87: =IF(VLOOKUP(A87,'20yPlan'!A:C,3,FALSE)="","",VLOOKUP(A87,'20yPlan'!A:C,3,FALSE)) | AG87: =IF(VLOOKUP(A87,'20yPlan'!A:D,4,FALSE)="","",VLOOKUP(A87,'20yPlan'!A:D,4,FALSE)) | AH87: =IF(VLOOKUP(A87,'20yPlan'!A:E,5,FALSE)="","",VLOOKUP(A87,'20yPlan'!A:E,5,FALSE)) | AI87: =IF(VLOOKUP(A87,'20yPlan'!A:F,6,FALSE)="","",VLOOKUP(A87,'20yPlan'!A:F,6,FALSE)) | AJ87: =IF(AC87="","",_xlfn.CONCAT(AC87," ","Chip Seal")) -> 2026 Chip Seal | AK87: =IF(AD87="","",_xlfn.CONCAT(AD87," ","RPM Replacement")) | AL87: =IFERROR(U87+W87,YEAR(TODAY())) -> 2025 | AM87: =IF(W87="",AD87,IF(AND(MIN(X87:AD87)<=(W87+V87),MIN(X87:AD87)>W87),MIN(X87:AD87),"")) | AN87: =IF(AM87=X87,AE87,IF(AM87=Y87,AF87,IF(AM87=AC87,AJ87,AK87)))
A88: 60089 | B88: SR 257 | C88: From Beginning of SR 257 (Stendal) to SR 64 | D88: 0 | E88: 4.462774 | F88: 0 +0.000 | G88: 4 +0.443 | H88: 58948 | I88: C2 | J88: 20 | K88: 2031 | L88: 2 | M88: FLEX | N88: Not on the NHS | O88: Paoli,Tell City | P88: Dale Unit 4,Jasper Unit 4 | Q88: Pike | R88: 167 | S88: 13 | T88: Yes | U88: =IF($L88<=2, IF($R88<=RpmDesignStandard!$C$2,RpmDesignStandard!$D$2, IF(AND($R88>RpmDesignStandard!$B$3,$R88<=RpmDesignStandard!$C$3),RpmDesignStandard!$D$3,RpmDesignStandard!$D$4)), IF($R88<=RpmDesignStandard!$C$5, RpmDesignStandard!$D$5, IF(AND($R88>RpmDesignStandard!$B$6,$R88<=RpmDesignStandard!$C$6),RpmDesignStandard!$D$6, IF(AND($R88>RpmDesignStandard!$B$7,$R88<=RpmDesignStandard!$C$7),RpmDesignStandard!$D$7,RpmDesignStandard!$D$8)))) -> 4 | V88: =U88*RpmDesignStandard!$H$1 -> 8 | W88: =VLOOKUP(A88,RPM_ProjectRecord!A:AB,8,FALSE) -> 2022 | X88: =IFERROR(VALUE(LEFT(AE88,4)),"") | Y88: =IFERROR(VALUE(LEFT(AF88,4)),"") | Z88: =IFERROR(VALUE(LEFT(AG88,4)),"") | AA88: =IFERROR(VALUE(LEFT(AH88,4)),"") | AB88: =IFERROR(VALUE(LEFT(AI88,4)),"") | AC88: =IF(VLOOKUP(A88,'3rdPhaseChipSeal'!A:L,12,FALSE)="","",VLOOKUP(A88,'3rdPhaseChipSeal'!A:L,12,FALSE)) | AD88: =IFERROR(IF(VLOOKUP(A88,RpmContracts!A:C,3,FALSE)="","",VLOOKUP(A88,RpmContracts!A:C,3,FALSE)),"") | AE88: =IF(VLOOKUP(A88,'20yPlan'!A:B,2,FALSE)="","",VLOOKUP(A88,'20yPlan'!A:B,2,FALSE)) | AF88: =IF(VLOOKUP(A88,'20yPlan'!A:C,3,FALSE)="","",VLOOKUP(A88,'20yPlan'!A:C,3,FALSE)) | AG88: =IF(VLOOKUP(A88,'20yPlan'!A:D,4,FALSE)="","",VLOOKUP(A88,'20yPlan'!A:D,4,FALSE)) | AH88: =IF(VLOOKUP(A88,'20yPlan'!A:E,5,FALSE)="","",VLOOKUP(A88,'20yPlan'!A:E,5,FALSE)) | AI88: =IF(VLOOKUP(A88,'20yPlan'!A:F,6,FALSE)="","",VLOOKUP(A88,'20yPlan'!A:F,6,FALSE)) | AJ88: =IF(AC88="","",_xlfn.CONCAT(AC88," ","Chip Seal")) | AK88: =IF(AD88="","",_xlfn.CONCAT(AD88," ","RPM Replacement")) | AL88: =IFERROR(U88+W88,YEAR(TODAY())) -> 2026 | AM88: =IF(W88="",AD88,IF(AND(MIN(X88:AD88)<=(W88+V88),MIN(X88:AD88)>W88),MIN(X88:AD88),"")) | AN88: =IF(AM88=X88,AE88,IF(AM88=Y88,AF88,IF(AM88=AC88,AJ88,AK88)))
A89: 60090 | B89: SR 257 | C89: From SR 64 to SR 356 | D89: 4.462774 | E89: 17.25881 | F89: 4 +0.443 | G89: 16 +0.945 | H89: 209812 | I89: C2 | J89: 20 | K89: 2031 | L89: 2 | M89: FLEX | N89: Not on the NHS | O89: Paoli,Tell City,Vincennes | P89: Dale Unit 4,Jasper Unit 4,Loogootee Unit | Q89: Knox,Pike | R89: 1021 | S89: 123 | T89: Yes | U89: =IF($L89<=2, IF($R89<=RpmDesignStandard!$C$2,RpmDesignStandard!$D$2, IF(AND($R89>RpmDesignStandard!$B$3,$R89<=RpmDesignStandard!$C$3),RpmDesignStandard!$D$3,RpmDesignStandard!$D$4)), IF($R89<=RpmDesignStandard!$C$5, RpmDesignStandard!$D$5, IF(AND($R89>RpmDesignStandard!$B$6,$R89<=RpmDesignStandard!$C$6),RpmDesignStandard!$D$6, IF(AND($R89>RpmDesignStandard!$B$7,$R89<=RpmDesignStandard!$C$7),RpmDesignStandard!$D$7,RpmDesignStandard!$D$8)))) -> 4 | V89: =U89*RpmDesignStandard!$H$1 -> 8 | W89: =VLOOKUP(A89,RPM_ProjectRecord!A:AB,8,FALSE) -> 2024 | X89: =IFERROR(VALUE(LEFT(AE89,4)),"") | Y89: =IFERROR(VALUE(LEFT(AF89,4)),"") | Z89: =IFERROR(VALUE(LEFT(AG89,4)),"") | AA89: =IFERROR(VALUE(LEFT(AH89,4)),"") | AB89: =IFERROR(VALUE(LEFT(AI89,4)),"") | AC89: =IF(VLOOKUP(A89,'3rdPhaseChipSeal'!A:L,12,FALSE)="","",VLOOKUP(A89,'3rdPhaseChipSeal'!A:L,12,FALSE)) | AD89: =IFERROR(IF(VLOOKUP(A89,RpmContracts!A:C,3,FALSE)="","",VLOOKUP(A89,RpmContracts!A:C,3,FALSE)),"") | AE89: =IF(VLOOKUP(A89,'20yPlan'!A:B,2,FALSE)="","",VLOOKUP(A89,'20yPlan'!A:B,2,FALSE)) | AF89: =IF(VLOOKUP(A89,'20yPlan'!A:C,3,FALSE)="","",VLOOKUP(A89,'20yPlan'!A:C,3,FALSE)) | AG89: =IF(VLOOKUP(A89,'20yPlan'!A:D,4,FALSE)="","",VLOOKUP(A89,'20yPlan'!A:D,4,FALSE)) | AH89: =IF(VLOOKUP(A89,'20yPlan'!A:E,5,FALSE)="","",VLOOKUP(A89,'20yPlan'!A:E,5,FALSE)) | AI89: =IF(VLOOKUP(A89,'20yPlan'!A:F,6,FALSE)="","",VLOOKUP(A89,'20yPlan'!A:F,6,FALSE)) | AJ89: =IF(AC89="","",_xlfn.CONCAT(AC89," ","Chip Seal")) | AK89: =IF(AD89="","",_xlfn.CONCAT(AD89," ","RPM Replacement")) | AL89: =IFERROR(U89+W89,YEAR(TODAY())) -> 2028 | AM89: =IF(W89="",AD89,IF(AND(MIN(X89:AD89)<=(W89+V89),MIN(X89:AD89)>W89),MIN(X89:AD89),"")) | AN89: =IF(AM89=X89,AE89,IF(AM89=Y89,AF89,IF(AM89=AC89,AJ89,AK89)))
A90: 60091 | B90: SR 257 | C90: From SR 356 to 0.10 mi S. US 50 | D90: 17.25881 | E90: 30.237404 | F90: 16 +0.945 | G90: 29 +0.913 | H90: 229203 | I90: C2 | J90: 7 | L90: 2 | M90: FLEX | N90: Not on the NHS | O90: Paoli,Vincennes | P90: Jasper Unit 4,Loogootee Unit,Oakland City Unit,Vincennes Unit 2 | Q90: Daviess,Knox,Pike | R90: 3585 | S90: 554 | T90: No | U90: =IF($L90<=2, IF($R90<=RpmDesignStandard!$C$2,RpmDesignStandard!$D$2, IF(AND($R90>RpmDesignStandard!$B$3,$R90<=RpmDesignStandard!$C$3),RpmDesignStandard!$D$3,RpmDesignStandard!$D$4)), IF($R90<=RpmDesignStandard!$C$5, RpmDesignStandard!$D$5, IF(AND($R90>RpmDesignStandard!$B$6,$R90<=RpmDesignStandard!$C$6),RpmDesignStandard!$D$6, IF(AND($R90>RpmDesignStandard!$B$7,$R90<=RpmDesignStandard!$C$7),RpmDesignStandard!$D$7,RpmDesignStandard!$D$8)))) -> 4 | V90: =U90*RpmDesignStandard!$H$1 -> 8 | W90: =VLOOKUP(A90,RPM_ProjectRecord!A:AB,8,FALSE) | X90: =IFERROR(VALUE(LEFT(AE90,4)),"") -> 2041 | Y90: =IFERROR(VALUE(LEFT(AF90,4)),"") | Z90: =IFERROR(VALUE(LEFT(AG90,4)),"") | AA90: =IFERROR(VALUE(LEFT(AH90,4)),"") | AB90: =IFERROR(VALUE(LEFT(AI90,4)),"") | AC90: =IF(VLOOKUP(A90,'3rdPhaseChipSeal'!A:L,12,FALSE)="","",VLOOKUP(A90,'3rdPhaseChipSeal'!A:L,12,FALSE)) | AD90: =IFERROR(IF(VLOOKUP(A90,RpmContracts!A:C,3,FALSE)="","",VLOOKUP(A90,RpmContracts!A:C,3,FALSE)),"") -> 2026 | AE90: =IF(VLOOKUP(A90,'20yPlan'!A:B,2,FALSE)="","",VLOOKUP(A90,'20yPlan'!A:B,2,FALSE)) -> 2041 Preventive Maintenance | AF90: =IF(VLOOKUP(A90,'20yPlan'!A:C,3,FALSE)="","",VLOOKUP(A90,'20yPlan'!A:C,3,FALSE)) | AG90: =IF(VLOOKUP(A90,'20yPlan'!A:D,4,FALSE)="","",VLOOKUP(A90,'20yPlan'!A:D,4,FALSE)) | AH90: =IF(VLOOKUP(A90,'20yPlan'!A:E,5,FALSE)="","",VLOOKUP(A90,'20yPlan'!A:E,5,FALSE)) | AI90: =IF(VLOOKUP(A90,'20yPlan'!A:F,6,FALSE)="","",VLOOKUP(A90,'20yPlan'!A:F,6,FALSE)) | AJ90: =IF(AC90="","",_xlfn.CONCAT(AC90," ","Chip Seal")) | AK90: =IF(AD90="","",_xlfn.CONCAT(AD90," ","RPM Replacement")) -> 2026 RPM Replacement | AL90: =IFERROR(U90+W90,YEAR(TODAY())) -> 2025 | AM90: =IF(W90="",AD90,IF(AND(MIN(X90:AD90)<=(W90+V90),MIN(X90:AD90)>W90),MIN(X90:AD90),"")) -> 2026 | AN90: =IF(AM90=X90,AE90,IF(AM90=Y90,AF90,IF(AM90=AC90,AJ90,AK90))) -> 2026 RPM Replacement
A91: 60092 | B91: SR 261 | C91: From SR 66 to From 3.01 mi N. SR 66 | D91: 0 | E91: 2.98401 | F91: 0 +0.000 | G91: 3 +0.060 | H91: 90770 | I91: B1 | J91: 9 | K91: 2030 | L91: 2 | M91: FLEX | N91: Not on the NHS | O91: Evansville | P91: Chandler Unit 4 | Q91: Warrick | R91: 12797 | S91: 973 | T91: N/A | U91: =IF($L91<=2, IF($R91<=RpmDesignStandard!$C$2,RpmDesignStandard!$D$2, IF(AND($R91>RpmDesignStandard!$B$3,$R91<=RpmDesignStandard!$C$3),RpmDesignStandard!$D$3,RpmDesignStandard!$D$4)), IF($R91<=RpmDesignStandard!$C$5, RpmDesignStandard!$D$5, IF(AND($R91>RpmDesignStandard!$B$6,$R91<=RpmDesignStandard!$C$6),RpmDesignStandard!$D$6, IF(AND($R91>RpmDesignStandard!$B$7,$R91<=RpmDesignStandard!$C$7),RpmDesignStandard!$D$7,RpmDesignStandard!$D$8)))) -> 3 | V91: =U91*RpmDesignStandard!$H$1 -> 6 | W91: =VLOOKUP(A91,RPM_ProjectRecord!A:AB,8,FALSE) | X91: =IFERROR(VALUE(LEFT(AE91,4)),"") -> 2030 | Y91: =IFERROR(VALUE(LEFT(AF91,4)),"") | Z91: =IFERROR(VALUE(LEFT(AG91,4)),"") | AA91: =IFERROR(VALUE(LEFT(AH91,4)),"") | AB91: =IFERROR(VALUE(LEFT(AI91,4)),"") | AC91: =IF(VLOOKUP(A91,'3rdPhaseChipSeal'!A:L,12,FALSE)="","",VLOOKUP(A91,'3rdPhaseChipSeal'!A:L,12,FALSE)) | AD91: =IFERROR(IF(VLOOKUP(A91,RpmContracts!A:C,3,FALSE)="","",VLOOKUP(A91,RpmContracts!A:C,3,FALSE)),"") | AE91: =IF(VLOOKUP(A91,'20yPlan'!A:B,2,FALSE)="","",VLOOKUP(A91,'20yPlan'!A:B,2,FALSE)) -> 2030 Preventive Maintenance | AF91: =IF(VLOOKUP(A91,'20yPlan'!A:C,3,FALSE)="","",VLOOKUP(A91,'20yPlan'!A:C,3,FALSE)) | AG91: =IF(VLOOKUP(A91,'20yPlan'!A:D,4,FALSE)="","",VLOOKUP(A91,'20yPlan'!A:D,4,FALSE)) | AH91: =IF(VLOOKUP(A91,'20yPlan'!A:E,5,FALSE)="","",VLOOKUP(A91,'20yPlan'!A:E,5,FALSE)) | AI91: =IF(VLOOKUP(A91,'20yPlan'!A:F,6,FALSE)="","",VLOOKUP(A91,'20yPlan'!A:F,6,FALSE)) | AJ91: =IF(AC91="","",_xlfn.CONCAT(AC91," ","Chip Seal")) | AK91: =IF(AD91="","",_xlfn.CONCAT(AD91," ","RPM Replacement")) | AL91: =IFERROR(U91+W91,YEAR(TODAY())) -> 2025 | AM91: =IF(W91="",AD91,IF(AND(MIN(X91:AD91)<=(W91+V91),MIN(X91:AD91)>W91),MIN(X91:AD91),"")) | AN91: =IF(AM91=X91,AE91,IF(AM91=Y91,AF91,IF(AM91=AC91,AJ91,AK91)))
A92: 60093 | B92: SR 264 | C92: From SR 162 to End of Road (Ferdinand State Forest) | D92: 0 | E92: 4.858613 | F92: 0 +0.000 | G92: 4 +0.863 | H92: 67290 | I92: C2 | J92: 3 | K92: 2028 | L92: 2 | M92: FLEX | N92: Not on the NHS | O92: Paoli,Tell City | P92: Dale Unit 4,Jasper Unit 4 | Q92: Dubois,Perry | R92: 802 | S92: 25 | T92: Yes | U92: =IF($L92<=2, IF($R92<=RpmDesignStandard!$C$2,RpmDesignStandard!$D$2, IF(AND($R92>RpmDesignStandard!$B$3,$R92<=RpmDesignStandard!$C$3),RpmDesignStandard!$D$3,RpmDesignStandard!$D$4)), IF($R92<=RpmDesignStandard!$C$5, RpmDesignStandard!$D$5, IF(AND($R92>RpmDesignStandard!$B$6,$R92<=RpmDesignStandard!$C$6),RpmDesignStandard!$D$6, IF(AND($R92>RpmDesignStandard!$B$7,$R92<=RpmDesignStandard!$C$7),RpmDesignStandard!$D$7,RpmDesignStandard!$D$8)))) -> 4 | V92: =U92*RpmDesignStandard!$H$1 -> 8 | W92: =VLOOKUP(A92,RPM_ProjectRecord!A:AB,8,FALSE) | X92: =IFERROR(VALUE(LEFT(AE92,4)),"") | Y92: =IFERROR(VALUE(LEFT(AF92,4)),"") | Z92: =IFERROR(VALUE(LEFT(AG92,4)),"") | AA92: =IFERROR(VALUE(LEFT(AH92,4)),"") | AB92: =IFERROR(VALUE(LEFT(AI92,4)),"") | AC92: =IF(VLOOKUP(A92,'3rdPhaseChipSeal'!A:L,12,FALSE)="","",VLOOKUP(A92,'3rdPhaseChipSeal'!A:L,12,FALSE)) -> 2042 | AD92: =IFERROR(IF(VLOOKUP(A92,RpmContracts!A:C,3,FALSE)="","",VLOOKUP(A92,RpmContracts!A:C,3,FALSE)),"") -> 2026 | AE92: =IF(VLOOKUP(A92,'20yPlan'!A:B,2,FALSE)="","",VLOOKUP(A92,'20yPlan'!A:B,2,FALSE)) | AF92: =IF(VLOOKUP(A92,'20yPlan'!A:C,3,FALSE)="","",VLOOKUP(A92,'20yPlan'!A:C,3,FALSE)) | AG92: =IF(VLOOKUP(A92,'20yPlan'!A:D,4,FALSE)="","",VLOOKUP(A92,'20yPlan'!A:D,4,FALSE)) | AH92: =IF(VLOOKUP(A92,'20yPlan'!A:E,5,FALSE)="","",VLOOKUP(A92,'20yPlan'!A:E,5,FALSE)) | AI92: =IF(VLOOKUP(A92,'20yPlan'!A:F,6,FALSE)="","",VLOOKUP(A92,'20yPlan'!A:F,6,FALSE)) | AJ92: =IF(AC92="","",_xlfn.CONCAT(AC92," ","Chip Seal")) -> 2042 Chip Seal | AK92: =IF(AD92="","",_xlfn.CONCAT(AD92," ","RPM Replacement")) -> 2026 RPM Replacement | AL92: =IFERROR(U92+W92,YEAR(TODAY())) -> 2025 | AM92: =IF(W92="",AD92,IF(AND(MIN(X92:AD92)<=(W92+V92),MIN(X92:AD92)>W92),MIN(X92:AD92),"")) -> 2026 | AN92: =IF(AM92=X92,AE92,IF(AM92=Y92,AF92,IF(AM92=AC92,AJ92,AK92))) -> 2026 RPM Replacement
A93: 60094 | B93: SR 269 | C93: From SR 69 to End of Road (Harmonie State Park) | D93: 0 | E93: 0.889834 | F93: 0 +0.000 | G93: 0 +0.889 | H93: 14049 | I93: C2 | J93: 20 | K93: 2026 | L93: 2 | M93: FLEX | N93: Not on the NHS | O93: Evansville | P93: Poseyville Unit 3 | Q93: Posey | R93: 105 | S93: 5 | T93: Yes | U93: =IF($L93<=2, IF($R93<=RpmDesignStandard!$C$2,RpmDesignStandard!$D$2, IF(AND($R93>RpmDesignStandard!$B$3,$R93<=RpmDesignStandard!$C$3),RpmDesignStandard!$D$3,RpmDesignStandard!$D$4)), IF($R93<=RpmDesignStandard!$C$5, RpmDesignStandard!$D$5, IF(AND($R93>RpmDesignStandard!$B$6,$R93<=RpmDesignStandard!$C$6),RpmDesignStandard!$D$6, IF(AND($R93>RpmDesignStandard!$B$7,$R93<=RpmDesignStandard!$C$7),RpmDesignStandard!$D$7,RpmDesignStandard!$D$8)))) -> 4 | V93: =U93*RpmDesignStandard!$H$1 -> 8 | W93: =VLOOKUP(A93,RPM_ProjectRecord!A:AB,8,FALSE) | X93: =IFERROR(VALUE(LEFT(AE93,4)),"") -> 2038 | Y93: =IFERROR(VALUE(LEFT(AF93,4)),"") | Z93: =IFERROR(VALUE(LEFT(AG93,4)),"") | AA93: =IFERROR(VALUE(LEFT(AH93,4)),"") | AB93: =IFERROR(VALUE(LEFT(AI93,4)),"") | AC93: =IF(VLOOKUP(A93,'3rdPhaseChipSeal'!A:L,12,FALSE)="","",VLOOKUP(A93,'3rdPhaseChipSeal'!A:L,12,FALSE)) | AD93: =IFERROR(IF(VLOOKUP(A93,RpmContracts!A:C,3,FALSE)="","",VLOOKUP(A93,RpmContracts!A:C,3,FALSE)),"") | AE93: =IF(VLOOKUP(A93,'20yPlan'!A:B,2,FALSE)="","",VLOOKUP(A93,'20yPlan'!A:B,2,FALSE)) -> 2038 Preventive Maintenance | AF93: =IF(VLOOKUP(A93,'20yPlan'!A:C,3,FALSE)="","",VLOOKUP(A93,'20yPlan'!A:C,3,FALSE)) | AG93: =IF(VLOOKUP(A93,'20yPlan'!A:D,4,FALSE)="","",VLOOKUP(A93,'20yPlan'!A:D,4,FALSE)) | AH93: =IF(VLOOKUP(A93,'20yPlan'!A:E,5,FALSE)="","",VLOOKUP(A93,'20yPlan'!A:E,5,FALSE)) | AI93: =IF(VLOOKUP(A93,'20yPlan'!A:F,6,FALSE)="","",VLOOKUP(A93,'20yPlan'!A:F,6,FALSE)) | AJ93: =IF(AC93="","",_xlfn.CONCAT(AC93," ","Chip Seal")) | AK93: =IF(AD93="","",_xlfn.CONCAT(AD93," ","RPM Replacement")) | AL93: =IFERROR(U93+W93,YEAR(TODAY())) -> 2025 | AM93: =IF(W93="",AD93,IF(AND(MIN(X93:AD93)<=(W93+V93),MIN(X93:AD93)>W93),MIN(X93:AD93),"")) | AN93: =IF(AM93=X93,AE93,IF(AM93=Y93,AF93,IF(AM93=AC93,AJ93,AK93)))
A94: 60095 | B94: SR 337 | C94: From SR 56 (Lavonia) to 1.03 mi S. SR 37 (Orleans Town Limits) | D94: 12.303645 | E94: 23.766702 | F94: 21 +0.991 | G94: 33 +0.429 | H94: 168687 | I94: C2 | J94: 2 | K94: 2028 | L94: 2 | M94: FLEX | N94: Not on the NHS | O94: Paoli | P94: Paoli Unit 1 | Q94: Orange,Washington | R94: 763 | S94: 46 | T94: No | U94: =IF($L94<=2, IF($R94<=RpmDesignStandard!$C$2,RpmDesignStandard!$D$2, IF(AND($R94>RpmDesignStandard!$B$3,$R94<=RpmDesignStandard!$C$3),RpmDesignStandard!$D$3,RpmDesignStandard!$D$4)), IF($R94<=RpmDesignStandard!$C$5, RpmDesignStandard!$D$5, IF(AND($R94>RpmDesignStandard!$B$6,$R94<=RpmDesignStandard!$C$6),RpmDesignStandard!$D$6, IF(AND($R94>RpmDesignStandard!$B$7,$R94<=RpmDesignStandard!$C$7),RpmDesignStandard!$D$7,RpmDesignStandard!$D$8)))) -> 4 | V94: =U94*RpmDesignStandard!$H$1 -> 8 | W94: =VLOOKUP(A94,RPM_ProjectRecord!A:AB,8,FALSE) -> 2021 | X94: =IFERROR(VALUE(LEFT(AE94,4)),"") | Y94: =IFERROR(VALUE(LEFT(AF94,4)),"") | Z94: =IFERROR(VALUE(LEFT(AG94,4)),"") | AA94: =IFERROR(VALUE(LEFT(AH94,4)),"") | AB94: =IFERROR(VALUE(LEFT(AI94,4)),"") | AC94: =IF(VLOOKUP(A94,'3rdPhaseChipSeal'!A:L,12,FALSE)="","",VLOOKUP(A94,'3rdPhaseChipSeal'!A:L,12,FALSE)) | AD94: =IFERROR(IF(VLOOKUP(A94,RpmContracts!A:C,3,FALSE)="","",VLOOKUP(A94,RpmContracts!A:C,3,FALSE)),"") -> 2026 | AE94: =IF(VLOOKUP(A94,'20yPlan'!A:B,2,FALSE)="","",VLOOKUP(A94,'20yPlan'!A:B,2,FALSE)) | AF94: =IF(VLOOKUP(A94,'20yPlan'!A:C,3,FALSE)="","",VLOOKUP(A94,'20yPlan'!A:C,3,FALSE)) | AG94: =IF(VLOOKUP(A94,'20yPlan'!A:D,4,FALSE)="","",VLOOKUP(A94,'20yPlan'!A:D,4,FALSE)) | AH94: =IF(VLOOKUP(A94,'20yPlan'!A:E,5,FALSE)="","",VLOOKUP(A94,'20yPlan'!A:E,5,FALSE)) | AI94: =IF(VLOOKUP(A94,'20yPlan'!A:F,6,FALSE)="","",VLOOKUP(A94,'20yPlan'!A:F,6,FALSE)) | AJ94: =IF(AC94="","",_xlfn.CONCAT(AC94," ","Chip Seal")) | AK94: =IF(AD94="","",_xlfn.CONCAT(AD94," ","RPM Replacement")) -> 2026 RPM Replacement | AL94: =IFERROR(U94+W94,YEAR(TODAY())) -> 2025 | AM94: =IF(W94="",AD94,IF(AND(MIN(X94:AD94)<=(W94+V94),MIN(X94:AD94)>W94),MIN(X94:AD94),"")) -> 2026 | AN94: =IF(AM94=X94,AE94,IF(AM94=Y94,AF94,IF(AM94=AC94,AJ94,AK94))) -> 2026 RPM Replacement
A95: 60096 | B95: SR 356 | C95: From 0.85 mi E. SR 57 (E. Petersburg City Limits) to SR 257 | D95: 0.851487 | E95: 9.910647 | F95: 0 +0.850 | G95: 9 +0.944 | H95: 145986 | I95: C2 | J95: 25 | K95: 2028 | L95: 2 | M95: FLEX | N95: Not on the NHS | O95: Paoli,Vincennes | P95: Jasper Unit 4,Loogootee Unit,Oakland City Unit,Vincennes Unit 2 | Q95: Knox,Pike | R95: 1699 | S95: 185 | T95: Yes | U95: =IF($L95<=2, IF($R95<=RpmDesignStandard!$C$2,RpmDesignStandard!$D$2, IF(AND($R95>RpmDesignStandard!$B$3,$R95<=RpmDesignStandard!$C$3),RpmDesignStandard!$D$3,RpmDesignStandard!$D$4)), IF($R95<=RpmDesignStandard!$C$5, RpmDesignStandard!$D$5, IF(AND($R95>RpmDesignStandard!$B$6,$R95<=RpmDesignStandard!$C$6),RpmDesignStandard!$D$6, IF(AND($R95>RpmDesignStandard!$B$7,$R95<=RpmDesignStandard!$C$7),RpmDesignStandard!$D$7,RpmDesignStandard!$D$8)))) -> 4 | V95: =U95*RpmDesignStandard!$H$1 -> 8 | W95: =VLOOKUP(A95,RPM_ProjectRecord!A:AB,8,FALSE) -> 2022 | X95: =IFERROR(VALUE(LEFT(AE95,4)),"") | Y95: =IFERROR(VALUE(LEFT(AF95,4)),"") | Z95: =IFERROR(VALUE(LEFT(AG95,4)),"") | AA95: =IFERROR(VALUE(LEFT(AH95,4)),"") | AB95: =IFERROR(VALUE(LEFT(AI95,4)),"") | AC95: =IF(VLOOKUP(A95,'3rdPhaseChipSeal'!A:L,12,FALSE)="","",VLOOKUP(A95,'3rdPhaseChipSeal'!A:L,12,FALSE)) -> 2042 | AD95: =IFERROR(IF(VLOOKUP(A95,RpmContracts!A:C,3,FALSE)="","",VLOOKUP(A95,RpmContracts!A:C,3,FALSE)),"") -> 2026 | AE95: =IF(VLOOKUP(A95,'20yPlan'!A:B,2,FALSE)="","",VLOOKUP(A95,'20yPlan'!A:B,2,FALSE)) | AF95: =IF(VLOOKUP(A95,'20yPlan'!A:C,3,FALSE)="","",VLOOKUP(A95,'20yPlan'!A:C,3,FALSE)) | AG95: =IF(VLOOKUP(A95,'20yPlan'!A:D,4,FALSE)="","",VLOOKUP(A95,'20yPlan'!A:D,4,FALSE)) | AH95: =IF(VLOOKUP(A95,'20yPlan'!A:E,5,FALSE)="","",VLOOKUP(A95,'20yPlan'!A:E,5,FALSE)) | AI95: =IF(VLOOKUP(A95,'20yPlan'!A:F,6,FALSE)="","",VLOOKUP(A95,'20yPlan'!A:F,6,FALSE)) | AJ95: =IF(AC95="","",_xlfn.CONCAT(AC95," ","Chip Seal")) -> 2042 Chip Seal | AK95: =IF(AD95="","",_xlfn.CONCAT(AD95," ","RPM Replacement")) -> 2026 RPM Replacement | AL95: =IFERROR(U95+W95,YEAR(TODAY())) -> 2026 | AM95: =IF(W95="",AD95,IF(AND(MIN(X95:AD95)<=(W95+V95),MIN(X95:AD95)>W95),MIN(X95:AD95),"")) -> 2026 | AN95: =IF(AM95=X95,AE95,IF(AM95=Y95,AF95,IF(AM95=AC95,AJ95,AK95))) -> 2026 RPM Replacement
A96: 60097 | B96: SR 357 | C96: From SR 57 to SR 64 (Oakland City) | D96: 0 | E96: 1.238426 | F96: 0 +0.000 | G96: 1 +0.237 | H96: 24901 | I96: C1 | J96: 6 | L96: 2 | M96: FLEX | N96: Not on the NHS | O96: Tell City,Vincennes | P96: Dale Unit 4,Oakland City Unit | Q96: Gibson,Pike | R96: 1020 | S96: 121 | T96: N/A | U96: =IF($L96<=2, IF($R96<=RpmDesignStandard!$C$2,RpmDesignStandard!$D$2, IF(AND($R96>RpmDesignStandard!$B$3,$R96<=RpmDesignStandard!$C$3),RpmDesignStandard!$D$3,RpmDesignStandard!$D$4)), IF($R96<=RpmDesignStandard!$C$5, RpmDesignStandard!$D$5, IF(AND($R96>RpmDesignStandard!$B$6,$R96<=RpmDesignStandard!$C$6),RpmDesignStandard!$D$6, IF(AND($R96>RpmDesignStandard!$B$7,$R96<=RpmDesignStandard!$C$7),RpmDesignStandard!$D$7,RpmDesignStandard!$D$8)))) -> 4 | V96: =U96*RpmDesignStandard!$H$1 -> 8 | W96: =VLOOKUP(A96,RPM_ProjectRecord!A:AB,8,FALSE) | X96: =IFERROR(VALUE(LEFT(AE96,4)),"") | Y96: =IFERROR(VALUE(LEFT(AF96,4)),"") | Z96: =IFERROR(VALUE(LEFT(AG96,4)),"") | AA96: =IFERROR(VALUE(LEFT(AH96,4)),"") | AB96: =IFERROR(VALUE(LEFT(AI96,4)),"") | AC96: =IF(VLOOKUP(A96,'3rdPhaseChipSeal'!A:L,12,FALSE)="","",VLOOKUP(A96,'3rdPhaseChipSeal'!A:L,12,FALSE)) | AD96: =IFERROR(IF(VLOOKUP(A96,RpmContracts!A:C,3,FALSE)="","",VLOOKUP(A96,RpmContracts!A:C,3,FALSE)),"") | AE96: =IF(VLOOKUP(A96,'20yPlan'!A:B,2,FALSE)="","",VLOOKUP(A96,'20yPlan'!A:B,2,FALSE)) | AF96: =IF(VLOOKUP(A96,'20yPlan'!A:C,3,FALSE)="","",VLOOKUP(A96,'20yPlan'!A:C,3,FALSE)) | AG96: =IF(VLOOKUP(A96,'20yPlan'!A:D,4,FALSE)="","",VLOOKUP(A96,'20yPlan'!A:D,4,FALSE)) | AH96: =IF(VLOOKUP(A96,'20yPlan'!A:E,5,FALSE)="","",VLOOKUP(A96,'20yPlan'!A:E,5,FALSE)) | AI96: =IF(VLOOKUP(A96,'20yPlan'!A:F,6,FALSE)="","",VLOOKUP(A96,'20yPlan'!A:F,6,FALSE)) | AJ96: =IF(AC96="","",_xlfn.CONCAT(AC96," ","Chip Seal")) | AK96: =IF(AD96="","",_xlfn.CONCAT(AD96," ","RPM Replacement")) | AL96: =IFERROR(U96+W96,YEAR(TODAY())) -> 2025 | AM96: =IF(W96="",AD96,IF(AND(MIN(X96:AD96)<=(W96+V96),MIN(X96:AD96)>W96),MIN(X96:AD96),"")) | AN96: =IF(AM96=X96,AE96,IF(AM96=Y96,AF96,IF(AM96=AC96,AJ96,AK96)))
A97: 60098 | B97: SR 358 | C97: From SR 67 to S. Jct SR 57 | D97: 0 | E97: 6.412299 | F97: 0 +0.000 | G97: 6 +0.427 | H97: 99093 | I97: C2 | J97: 16 | K97: 2027 | L97: 2 | M97: FLEX | N97: Not on the NHS | O97: Linton,Vincennes | P97: Sullivan Unit 3,Vincennes Unit 2 | Q97: Daviess,Knox | R97: 1365 | S97: 164 | T97: Yes | U97: =IF($L97<=2, IF($R97<=RpmDesignStandard!$C$2,RpmDesignStandard!$D$2, IF(AND($R97>RpmDesignStandard!$B$3,$R97<=RpmDesignStandard!$C$3),RpmDesignStandard!$D$3,RpmDesignStandard!$D$4)), IF($R97<=RpmDesignStandard!$C$5, RpmDesignStandard!$D$5, IF(AND($R97>RpmDesignStandard!$B$6,$R97<=RpmDesignStandard!$C$6),RpmDesignStandard!$D$6, IF(AND($R97>RpmDesignStandard!$B$7,$R97<=RpmDesignStandard!$C$7),RpmDesignStandard!$D$7,RpmDesignStandard!$D$8)))) -> 4 | V97: =U97*RpmDesignStandard!$H$1 -> 8 | W97: =VLOOKUP(A97,RPM_ProjectRecord!A:AB,8,FALSE) | X97: =IFERROR(VALUE(LEFT(AE97,4)),"") | Y97: =IFERROR(VALUE(LEFT(AF97,4)),"") | Z97: =IFERROR(VALUE(LEFT(AG97,4)),"") | AA97: =IFERROR(VALUE(LEFT(AH97,4)),"") | AB97: =IFERROR(VALUE(LEFT(AI97,4)),"") | AC97: =IF(VLOOKUP(A97,'3rdPhaseChipSeal'!A:L,12,FALSE)="","",VLOOKUP(A97,'3rdPhaseChipSeal'!A:L,12,FALSE)) -> 2041 | AD97: =IFERROR(IF(VLOOKUP(A97,RpmContracts!A:C,3,FALSE)="","",VLOOKUP(A97,RpmContracts!A:C,3,FALSE)),"") | AE97: =IF(VLOOKUP(A97,'20yPlan'!A:B,2,FALSE)="","",VLOOKUP(A97,'20yPlan'!A:B,2,FALSE)) | AF97: =IF(VLOOKUP(A97,'20yPlan'!A:C,3,FALSE)="","",VLOOKUP(A97,'20yPlan'!A:C,3,FALSE)) | AG97: =IF(VLOOKUP(A97,'20yPlan'!A:D,4,FALSE)="","",VLOOKUP(A97,'20yPlan'!A:D,4,FALSE)) | AH97: =IF(VLOOKUP(A97,'20yPlan'!A:E,5,FALSE)="","",VLOOKUP(A97,'20yPlan'!A:E,5,FALSE)) | AI97: =IF(VLOOKUP(A97,'20yPlan'!A:F,6,FALSE)="","",VLOOKUP(A97,'20yPlan'!A:F,6,FALSE)) | AJ97: =IF(AC97="","",_xlfn.CONCAT(AC97," ","Chip Seal")) -> 2041 Chip Seal | AK97: =IF(AD97="","",_xlfn.CONCAT(AD97," ","RPM Replacement")) | AL97: =IFERROR(U97+W97,YEAR(TODAY())) -> 2025 | AM97: =IF(W97="",AD97,IF(AND(MIN(X97:AD97)<=(W97+V97),MIN(X97:AD97)>W97),MIN(X97:AD97),"")) | AN97: =IF(AM97=X97,AE97,IF(AM97=Y97,AF97,IF(AM97=AC97,AJ97,AK97)))
A98: 60099 | B98: SR 358 | C98: From N. JCt SR 57 to SR 58 | D98: 6.413299 | E98: 8.220019 | F98: 6 +0.428 | G98: 11 +0.972 | H98: 26498 | I98: C2 | J98: 22 | K98: 2031 | L98: 2 | M98: FLEX | N98: Not on the NHS | O98: Linton | P98: Crane Unit,Linton | Q98: Daviess,Knox | R98: 1243 | S98: 149 | T98: Yes | U98: =IF($L98<=2, IF($R98<=RpmDesignStandard!$C$2,RpmDesignStandard!$D$2, IF(AND($R98>RpmDesignStandard!$B$3,$R98<=RpmDesignStandard!$C$3),RpmDesignStandard!$D$3,RpmDesignStandard!$D$4)), IF($R98<=RpmDesignStandard!$C$5, RpmDesignStandard!$D$5, IF(AND($R98>RpmDesignStandard!$B$6,$R98<=RpmDesignStandard!$C$6),RpmDesignStandard!$D$6, IF(AND($R98>RpmDesignStandard!$B$7,$R98<=RpmDesignStandard!$C$7),RpmDesignStandard!$D$7,RpmDesignStandard!$D$8)))) -> 4 | V98: =U98*RpmDesignStandard!$H$1 -> 8 | W98: =VLOOKUP(A98,RPM_ProjectRecord!A:AB,8,FALSE) -> 2024 | X98: =IFERROR(VALUE(LEFT(AE98,4)),"") | Y98: =IFERROR(VALUE(LEFT(AF98,4)),"") | Z98: =IFERROR(VALUE(LEFT(AG98,4)),"") | AA98: =IFERROR(VALUE(LEFT(AH98,4)),"") | AB98: =IFERROR(VALUE(LEFT(AI98,4)),"") | AC98: =IF(VLOOKUP(A98,'3rdPhaseChipSeal'!A:L,12,FALSE)="","",VLOOKUP(A98,'3rdPhaseChipSeal'!A:L,12,FALSE)) -> 2031 | AD98: =IFERROR(IF(VLOOKUP(A98,RpmContracts!A:C,3,FALSE)="","",VLOOKUP(A98,RpmContracts!A:C,3,FALSE)),"") | AE98: =IF(VLOOKUP(A98,'20yPlan'!A:B,2,FALSE)="","",VLOOKUP(A98,'20yPlan'!A:B,2,FALSE)) | AF98: =IF(VLOOKUP(A98,'20yPlan'!A:C,3,FALSE)="","",VLOOKUP(A98,'20yPlan'!A:C,3,FALSE)) | AG98: =IF(VLOOKUP(A98,'20yPlan'!A:D,4,FALSE)="","",VLOOKUP(A98,'20yPlan'!A:D,4,FALSE)) | AH98: =IF(VLOOKUP(A98,'20yPlan'!A:E,5,FALSE)="","",VLOOKUP(A98,'20yPlan'!A:E,5,FALSE)) | AI98: =IF(VLOOKUP(A98,'20yPlan'!A:F,6,FALSE)="","",VLOOKUP(A98,'20yPlan'!A:F,6,FALSE)) | AJ98: =IF(AC98="","",_xlfn.CONCAT(AC98," ","Chip Seal")) -> 2031 Chip Seal | AK98: =IF(AD98="","",_xlfn.CONCAT(AD98," ","RPM Replacement")) | AL98: =IFERROR(U98+W98,YEAR(TODAY())) -> 2028 | AM98: =IF(W98="",AD98,IF(AND(MIN(X98:AD98)<=(W98+V98),MIN(X98:AD98)>W98),MIN(X98:AD98),"")) -> 2031 | AN98: =IF(AM98=X98,AE98,IF(AM98=Y98,AF98,IF(AM98=AC98,AJ98,AK98))) -> 2031 Chip Seal
A99: 60100 | B99: SR 364 | C99: From SR 61 to End of Road (Pike State Forest) | D99: 0 | E99: 4.175155 | F99: 0 +0.000 | G99: 4 +0.229 | H99: 51927 | I99: C2 | J99: 27 | K99: 2028 | L99: 2 | M99: FLEX | N99: Not on the NHS | O99: Paoli,Vincennes | P99: Jasper Unit 4,Oakland City Unit | Q99: Pike | R99: 115 | S99: 15 | T99: Yes | U99: =IF($L99<=2, IF($R99<=RpmDesignStandard!$C$2,RpmDesignStandard!$D$2, IF(AND($R99>RpmDesignStandard!$B$3,$R99<=RpmDesignStandard!$C$3),RpmDesignStandard!$D$3,RpmDesignStandard!$D$4)), IF($R99<=RpmDesignStandard!$C$5, RpmDesignStandard!$D$5, IF(AND($R99>RpmDesignStandard!$B$6,$R99<=RpmDesignStandard!$C$6),RpmDesignStandard!$D$6, IF(AND($R99>RpmDesignStandard!$B$7,$R99<=RpmDesignStandard!$C$7),RpmDesignStandard!$D$7,RpmDesignStandard!$D$8)))) -> 4 | V99: =U99*RpmDesignStandard!$H$1 -> 8 | W99: =VLOOKUP(A99,RPM_ProjectRecord!A:AB,8,FALSE) | X99: =IFERROR(VALUE(LEFT(AE99,4)),"") | Y99: =IFERROR(VALUE(LEFT(AF99,4)),"") | Z99: =IFERROR(VALUE(LEFT(AG99,4)),"") | AA99: =IFERROR(VALUE(LEFT(AH99,4)),"") | AB99: =IFERROR(VALUE(LEFT(AI99,4)),"") | AC99: =IF(VLOOKUP(A99,'3rdPhaseChipSeal'!A:L,12,FALSE)="","",VLOOKUP(A99,'3rdPhaseChipSeal'!A:L,12,FALSE)) -> 2042 | AD99: =IFERROR(IF(VLOOKUP(A99,RpmContracts!A:C,3,FALSE)="","",VLOOKUP(A99,RpmContracts!A:C,3,FALSE)),"") | AE99: =IF(VLOOKUP(A99,'20yPlan'!A:B,2,FALSE)="","",VLOOKUP(A99,'20yPlan'!A:B,2,FALSE)) | AF99: =IF(VLOOKUP(A99,'20yPlan'!A:C,3,FALSE)="","",VLOOKUP(A99,'20yPlan'!A:C,3,FALSE)) | AG99: =IF(VLOOKUP(A99,'20yPlan'!A:D,4,FALSE)="","",VLOOKUP(A99,'20yPlan'!A:D,4,FALSE)) | AH99: =IF(VLOOKUP(A99,'20yPlan'!A:E,5,FALSE)="","",VLOOKUP(A99,'20yPlan'!A:E,5,FALSE)) | AI99: =IF(VLOOKUP(A99,'20yPlan'!A:F,6,FALSE)="","",VLOOKUP(A99,'20yPlan'!A:F,6,FALSE)) | AJ99: =IF(AC99="","",_xlfn.CONCAT(AC99," ","Chip Seal")) -> 2042 Chip Seal | AK99: =IF(AD99="","",_xlfn.CONCAT(AD99," ","RPM Replacement")) | AL99: =IFERROR(U99+W99,YEAR(TODAY())) -> 2025 | AM99: =IF(W99="",AD99,IF(AND(MIN(X99:AD99)<=(W99+V99),MIN(X99:AD99)>W99),MIN(X99:AD99),"")) | AN99: =IF(AM99=X99,AE99,IF(AM99=Y99,AF99,IF(AM99=AC99,AJ99,AK99)))
A100: 60102 | B100: SR 37 | C100: From SR 70 to I 64 | D100: 10.915065 | E100: 22.46621 | F100: 10 +0.919 | G100: 22 +0.428 | H100: 299239 | I100: C1 | J100: 8 | L100: 2 | M100: FLEX | N100: Not on the NHS | O100: Tell City | P100: Derby Unit 2 | Q100: Crawford,Perry | R100: 3161 | S100: 852 | T100: N/A | U100: =IF($L100<=2, IF($R100<=RpmDesignStandard!$C$2,RpmDesignStandard!$D$2, IF(AND($R100>RpmDesignStandard!$B$3,$R100<=RpmDesignStandard!$C$3),RpmDesignStandard!$D$3,RpmDesignStandard!$D$4)), IF($R100<=RpmDesignStandard!$C$5, RpmDesignStandard!$D$5, IF(AND($R100>RpmDesignStandard!$B$6,$R100<=RpmDesignStandard!$C$6),RpmDesignStandard!$D$6, IF(AND($R100>RpmDesignStandard!$B$7,$R100<=RpmDesignStandard!$C$7),RpmDesignStandard!$D$7,RpmDesignStandard!$D$8)))) -> 4 | V100: =U100*RpmDesignStandard!$H$1 -> 8 | W100: =VLOOKUP(A100,RPM_ProjectRecord!A:AB,8,FALSE) | X100: =IFERROR(VALUE(LEFT(AE100,4)),"") | Y100: =IFERROR(VALUE(LEFT(AF100,4)),"") | Z100: =IFERROR(VALUE(LEFT(AG100,4)),"") | AA100: =IFERROR(VALUE(LEFT(AH100,4)),"") | AB100: =IFERROR(VALUE(LEFT(AI100,4)),"") | AC100: =IF(VLOOKUP(A100,'3rdPhaseChipSeal'!A:L,12,FALSE)="","",VLOOKUP(A100,'3rdPhaseChipSeal'!A:L,12,FALSE)) | AD100: =IFERROR(IF(VLOOKUP(A100,RpmContracts!A:C,3,FALSE)="","",VLOOKUP(A100,RpmContracts!A:C,3,FALSE)),"") | AE100: =IF(VLOOKUP(A100,'20yPlan'!A:B,2,FALSE)="","",VLOOKUP(A100,'20yPlan'!A:B,2,FALSE)) | AF100: =IF(VLOOKUP(A100,'20yPlan'!A:C,3,FALSE)="","",VLOOKUP(A100,'20yPlan'!A:C,3,FALSE)) | AG100: =IF(VLOOKUP(A100,'20yPlan'!A:D,4,FALSE)="","",VLOOKUP(A100,'20yPlan'!A:D,4,FALSE)) | AH100: =IF(VLOOKUP(A100,'20yPlan'!A:E,5,FALSE)="","",VLOOKUP(A100,'20yPlan'!A:E,5,FALSE)) | AI100: =IF(VLOOKUP(A100,'20yPlan'!A:F,6,FALSE)="","",VLOOKUP(A100,'20yPlan'!A:F,6,FALSE)) | AJ100: =IF(AC100="","",_xlfn.CONCAT(AC100," ","Chip Seal")) | AK100: =IF(AD100="","",_xlfn.CONCAT(AD100," ","RPM Replacement")) | AL100: =IFERROR(U100+W100,YEAR(TODAY())) -> 2025 | AM100: =IF(W100="",AD100,IF(AND(MIN(X100:AD100)<=(W100+V100),MIN(X100:AD100)>W100),MIN(X100:AD100),"")) | AN100: =IF(AM100=X100,AE100,IF(AM100=Y100,AF100,IF(AM100=AC100,AJ100,AK100)))
A101: 60103 | B101: SR 37 | C101: From I-64 to W. Jct SR 64 | D101: 22.46621 | E101: 29.569135 | F101: 22 +0.428 | G101: 29 +0.552 | H101: 195655 | I101: C2 | J101: 2 | K101: 2028 | L101: 2 | M101: FLEX | N101: Not on the NHS | O101: Tell City | P101: Birdseye Unit 3,Derby Unit 2 | Q101: Crawford,Perry | R101: 2450 | S101: 560 | T101: N/A | U101: =IF($L101<=2, IF($R101<=RpmDesignStandard!$C$2,RpmDesignStandard!$D$2, IF(AND($R101>RpmDesignStandard!$B$3,$R101<=RpmDesignStandard!$C$3),RpmDesignStandard!$D$3,RpmDesignStandard!$D$4)), IF($R101<=RpmDesignStandard!$C$5, RpmDesignStandard!$D$5, IF(AND($R101>RpmDesignStandard!$B$6,$R101<=RpmDesignStandard!$C$6),RpmDesignStandard!$D$6, IF(AND($R101>RpmDesignStandard!$B$7,$R101<=RpmDesignStandard!$C$7),RpmDesignStandard!$D$7,RpmDesignStandard!$D$8)))) -> 4 | V101: =U101*RpmDesignStandard!$H$1 -> 8 | W101: =VLOOKUP(A101,RPM_ProjectRecord!A:AB,8,FALSE) -> 2021 | X101: =IFERROR(VALUE(LEFT(AE101,4)),"") | Y101: =IFERROR(VALUE(LEFT(AF101,4)),"") | Z101: =IFERROR(VALUE(LEFT(AG101,4)),"") | AA101: =IFERROR(VALUE(LEFT(AH101,4)),"") | AB101: =IFERROR(VALUE(LEFT(AI101,4)),"") | AC101: =IF(VLOOKUP(A101,'3rdPhaseChipSeal'!A:L,12,FALSE)="","",VLOOKUP(A101,'3rdPhaseChipSeal'!A:L,12,FALSE)) -> 2028 | AD101: =IFERROR(IF(VLOOKUP(A101,RpmContracts!A:C,3,FALSE)="","",VLOOKUP(A101,RpmContracts!A:C,3,FALSE)),"") -> 2026 | AE101: =IF(VLOOKUP(A101,'20yPlan'!A:B,2,FALSE)="","",VLOOKUP(A101,'20yPlan'!A:B,2,FALSE)) | AF101: =IF(VLOOKUP(A101,'20yPlan'!A:C,3,FALSE)="","",VLOOKUP(A101,'20yPlan'!A:C,3,FALSE)) | AG101: =IF(VLOOKUP(A101,'20yPlan'!A:D,4,FALSE)="","",VLOOKUP(A101,'20yPlan'!A:D,4,FALSE)) | AH101: =IF(VLOOKUP(A101,'20yPlan'!A:E,5,FALSE)="","",VLOOKUP(A101,'20yPlan'!A:E,5,FALSE)) | AI101: =IF(VLOOKUP(A101,'20yPlan'!A:F,6,FALSE)="","",VLOOKUP(A101,'20yPlan'!A:F,6,FALSE)) | AJ101: =IF(AC101="","",_xlfn.CONCAT(AC101," ","Chip Seal")) -> 2028 Chip Seal | AK101: =IF(AD101="","",_xlfn.CONCAT(AD101," ","RPM Replacement")) -> 2026 RPM Replacement | AL101: =IFERROR(U101+W101,YEAR(TODAY())) -> 2025 | AM101: =IF(W101="",AD101,IF(AND(MIN(X101:AD101)<=(W101+V101),MIN(X101:AD101)>W101),MIN(X101:AD101),"")) -> 2026 | AN101: =IF(AM101=X101,AE101,IF(AM101=Y101,AF101,IF(AM101=AC101,AJ101,AK101))) -> 2026 RPM Replacement
A102: 60104 | B102: SR 37 | C102: From W . Jct SR 64 to E. Jct. SR 64 / SR 237 | D102: 29.569135 | E102: 37.883835 | F102: 29 +0.552 | G102: 38 +0.385 | H102: 166039 | I102: C2 | J102: 2 | K102: 2029 | L102: 2 | M102: FLEX | N102: Not on the NHS | O102: Paoli | P102: Paoli Unit 1 | Q102: Crawford | R102: 2611 | S102: 549 | T102: Yes | U102: =IF($L102<=2, IF($R102<=RpmDesignStandard!$C$2,RpmDesignStandard!$D$2, IF(AND($R102>RpmDesignStandard!$B$3,$R102<=RpmDesignStandard!$C$3),RpmDesignStandard!$D$3,RpmDesignStandard!$D$4)), IF($R102<=RpmDesignStandard!$C$5, RpmDesignStandard!$D$5, IF(AND($R102>RpmDesignStandard!$B$6,$R102<=RpmDesignStandard!$C$6),RpmDesignStandard!$D$6, IF(AND($R102>RpmDesignStandard!$B$7,$R102<=RpmDesignStandard!$C$7),RpmDesignStandard!$D$7,RpmDesignStandard!$D$8)))) -> 4 | V102: =U102*RpmDesignStandard!$H$1 -> 8 | W102: =VLOOKUP(A102,RPM_ProjectRecord!A:AB,8,FALSE) -> 2021 | X102: =IFERROR(VALUE(LEFT(AE102,4)),"") | Y102: =IFERROR(VALUE(LEFT(AF102,4)),"") | Z102: =IFERROR(VALUE(LEFT(AG102,4)),"") | AA102: =IFERROR(VALUE(LEFT(AH102,4)),"") | AB102: =IFERROR(VALUE(LEFT(AI102,4)),"") | AC102: =IF(VLOOKUP(A102,'3rdPhaseChipSeal'!A:L,12,FALSE)="","",VLOOKUP(A102,'3rdPhaseChipSeal'!A:L,12,FALSE)) -> 2043 | AD102: =IFERROR(IF(VLOOKUP(A102,RpmContracts!A:C,3,FALSE)="","",VLOOKUP(A102,RpmContracts!A:C,3,FALSE)),"") -> 2026 | AE102: =IF(VLOOKUP(A102,'20yPlan'!A:B,2,FALSE)="","",VLOOKUP(A102,'20yPlan'!A:B,2,FALSE)) | AF102: =IF(VLOOKUP(A102,'20yPlan'!A:C,3,FALSE)="","",VLOOKUP(A102,'20yPlan'!A:C,3,FALSE)) | AG102: =IF(VLOOKUP(A102,'20yPlan'!A:D,4,FALSE)="","",VLOOKUP(A102,'20yPlan'!A:D,4,FALSE)) | AH102: =IF(VLOOKUP(A102,'20yPlan'!A:E,5,FALSE)="","",VLOOKUP(A102,'20yPlan'!A:E,5,FALSE)) | AI102: =IF(VLOOKUP(A102,'20yPlan'!A:F,6,FALSE)="","",VLOOKUP(A102,'20yPlan'!A:F,6,FALSE)) | AJ102: =IF(AC102="","",_xlfn.CONCAT(AC102," ","Chip Seal")) -> 2043 Chip Seal | AK102: =IF(AD102="","",_xlfn.CONCAT(AD102," ","RPM Replacement")) -> 2026 RPM Replacement | AL102: =IFERROR(U102+W102,YEAR(TODAY())) -> 2025 | AM102: =IF(W102="",AD102,IF(AND(MIN(X102:AD102)<=(W102+V102),MIN(X102:AD102)>W102),MIN(X102:AD102),"")) -> 2026 | AN102: =IF(AM102=X102,AE102,IF(AM102=Y102,AF102,IF(AM102=AC102,AJ102,AK102))) -> 2026 RPM Replacement
